year,month,produced_material,produced_material_production_type,produced_material_release_type,produced_material_quantity,component_material,component_material_production_type,component_material_release_type,component_material_quantity,plant_id
2024,1,10000,8002,FIN,989.9999999999999,50000,8002.0,PROD,990.0,RLT_10
2024,1,50000,8002,PROD,859.0,80070,8007.0,PROD,879.0,RLT_10
2024,1,50000,8002,PROD,859.0,90000,,ADD,50.00000000000001,RLT_10
2024,1,50000,8002,PROD,859.0,90001,,ADD,20.0,RLT_10
2024,1,80070,8007,PROD,929.0,80010,8001.0,PROD,3626.0,RLT_10
2024,1,80070,8007,PROD,929.0,90002,,ADD,30.0,RLT_10
2024,1,80070,8007,PROD,929.0,90003,,ADD,11.0,RLT_10
2024,1,80010,8001,PROD,1726.0,80000,8000.0,PROD,1818.0,RLT_10
2024,1,80010,8001,PROD,1726.0,90004,,ADD,101.0,RLT_10
2024,1,80000,8000,PROD,1979.9999999999998,70000,,RM,2668.0,RLT_10
2024,1,80000,8000,PROD,1979.9999999999998,90005,,ADD,68.0,RLT_10
2024,2,10000,8002,FIN,960.0,50000,8002.0,PROD,960.0,RLT_10
2024,2,50000,8002,PROD,839.0000000000001,80070,8007.0,PROD,980.0,RLT_10
2024,2,50000,8002,PROD,839.0000000000001,90000,,ADD,49.0,RLT_10
2024,2,50000,8002,PROD,839.0000000000001,90001,,ADD,22.0,RLT_10
2024,2,80070,8007,PROD,984.0000000000001,80010,8001.0,PROD,3338.0,RLT_10
2024,2,80070,8007,PROD,984.0000000000001,90002,,ADD,33.0,RLT_10
2024,2,80070,8007,PROD,984.0000000000001,90003,,ADD,10.0,RLT_10
2024,2,80010,8001,PROD,1629.0,80000,8000.0,PROD,1876.0,RLT_10
2024,2,80010,8001,PROD,1629.0,90004,,ADD,104.0,RLT_10
2024,2,80000,8000,PROD,1829.0,70000,,RM,2522.0,RLT_10
2024,2,80000,8000,PROD,1829.0,90005,,ADD,73.0,RLT_10
2024,3,10000,8002,FIN,968.0,50000,8002.0,PROD,968.0,RLT_10
2024,3,50000,8002,PROD,721.0,80070,8007.0,PROD,1034.0,RLT_10
2024,3,50000,8002,PROD,721.0,90000,,ADD,46.0,RLT_10
2024,3,50000,8002,PROD,721.0,90001,,ADD,22.0,RLT_10
2024,3,80070,8007,PROD,989.0,80010,8001.0,PROD,3555.0,RLT_10
2024,3,80070,8007,PROD,989.0,90002,,ADD,32.0,RLT_10
2024,3,80070,8007,PROD,989.0,90003,,ADD,11.0,RLT_10
2024,3,80010,8001,PROD,1954.0,80000,8000.0,PROD,2192.0,RLT_10
2024,3,80010,8001,PROD,1954.0,90004,,ADD,96.0,RLT_10
2024,3,80000,8000,PROD,2001.9999999999998,70000,,RM,2724.0,RLT_10
2024,3,80000,8000,PROD,2001.9999999999998,90005,,ADD,76.0,RLT_10
2024,4,10000,8002,FIN,1006.0000000000001,50000,8002.0,PROD,1006.0,RLT_10
2024,4,50000,8002,PROD,783.0000000000001,80070,8007.0,PROD,865.0,RLT_10
2024,4,50000,8002,PROD,783.0000000000001,90000,,ADD,46.0,RLT_10
2024,4,50000,8002,PROD,783.0000000000001,90001,,ADD,19.0,RLT_10
2024,4,80070,8007,PROD,896.0,80010,8001.0,PROD,3541.0,RLT_10
2024,4,80070,8007,PROD,896.0,90002,,ADD,30.0,RLT_10
2024,4,80070,8007,PROD,896.0,90003,,ADD,9.0,RLT_10
2024,4,80010,8001,PROD,1781.0,80000,8000.0,PROD,1849.0,RLT_10
2024,4,80010,8001,PROD,1781.0,90004,,ADD,98.0,RLT_10
2024,4,80000,8000,PROD,1955.0,70000,,RM,2729.0,RLT_10
2024,4,80000,8000,PROD,1955.0,90005,,ADD,70.0,RLT_10
2024,5,10000,8002,FIN,1004.0,50000,8002.0,PROD,1004.0,RLT_10
2024,5,50000,8002,PROD,749.9999999999999,80070,8007.0,PROD,937.0,RLT_10
2024,5,50000,8002,PROD,749.9999999999999,90000,,ADD,51.0,RLT_10
2024,5,50000,8002,PROD,749.9999999999999,90001,,ADD,20.999999999999996,RLT_10
2024,5,80070,8007,PROD,929.0,80010,8001.0,PROD,3440.0,RLT_10
2024,5,80070,8007,PROD,929.0,90002,,ADD,29.000000000000004,RLT_10
2024,5,80070,8007,PROD,929.0,90003,,ADD,10.0,RLT_10
2024,5,80010,8001,PROD,1742.0,80000,8000.0,PROD,2073.0,RLT_10
2024,5,80010,8001,PROD,1742.0,90004,,ADD,109.0,RLT_10
2024,5,80000,8000,PROD,2077.0,70000,,RM,2714.0,RLT_10
2024,5,80000,8000,PROD,2077.0,90005,,ADD,63.0,RLT_10
2024,6,10000,8002,FIN,906.0000000000001,50000,8002.0,PROD,906.0,RLT_10
2024,6,50000,8002,PROD,826.0,80070,8007.0,PROD,993.0,RLT_10
2024,6,50000,8002,PROD,826.0,90000,,ADD,52.0,RLT_10
2024,6,50000,8002,PROD,826.0,90001,,ADD,20.0,RLT_10
2024,6,80070,8007,PROD,905.0,80010,8001.0,PROD,3576.0,RLT_10
2024,6,80070,8007,PROD,905.0,90002,,ADD,32.0,RLT_10
2024,6,80070,8007,PROD,905.0,90003,,ADD,10.0,RLT_10
2024,6,80010,8001,PROD,1730.0,80000,8000.0,PROD,1910.0,RLT_10
2024,6,80010,8001,PROD,1730.0,90004,,ADD,98.0,RLT_10
2024,6,80000,8000,PROD,1830.0,70000,,RM,2344.0,RLT_10
2024,6,80000,8000,PROD,1830.0,90005,,ADD,71.0,RLT_10
2024,7,10000,8002,FIN,983.0,50000,8002.0,PROD,983.0,RLT_10
2024,7,50000,8002,PROD,796.0,80070,8007.0,PROD,972.0,RLT_10
2024,7,50000,8002,PROD,796.0,90000,,ADD,49.0,RLT_10
2024,7,50000,8002,PROD,796.0,90001,,ADD,19.0,RLT_10
2024,7,80070,8007,PROD,900.0,80010,8001.0,PROD,3951.0,RLT_10
2024,7,80070,8007,PROD,900.0,90002,,ADD,29.000000000000004,RLT_10
2024,7,80070,8007,PROD,900.0,90003,,ADD,10.0,RLT_10
2024,7,80010,8001,PROD,1963.0,80000,8000.0,PROD,1974.0,RLT_10
2024,7,80010,8001,PROD,1963.0,90004,,ADD,109.0,RLT_10
2024,7,80000,8000,PROD,2157.0,70000,,RM,2451.0,RLT_10
2024,7,80000,8000,PROD,2157.0,90005,,ADD,69.0,RLT_10
2024,8,10000,8002,FIN,913.0,50000,8002.0,PROD,913.0,RLT_10
2024,8,50000,8002,PROD,832.0,80070,8007.0,PROD,876.0,RLT_10
2024,8,50000,8002,PROD,832.0,90000,,ADD,51.0,RLT_10
2024,8,50000,8002,PROD,832.0,90001,,ADD,19.0,RLT_10
2024,8,80070,8007,PROD,821.0,80010,8001.0,PROD,3059.0,RLT_10
2024,8,80070,8007,PROD,821.0,90002,,ADD,27.0,RLT_10
2024,8,80070,8007,PROD,821.0,90003,,ADD,10.0,RLT_10
2024,8,80010,8001,PROD,1625.0,80000,8000.0,PROD,2198.0,RLT_10
2024,8,80010,8001,PROD,1625.0,90004,,ADD,109.0,RLT_10
2024,8,80000,8000,PROD,2041.0,70000,,RM,2420.0,RLT_10
2024,8,80000,8000,PROD,2041.0,90005,,ADD,68.0,RLT_10
2024,9,10000,8002,FIN,1006.0000000000001,50000,8002.0,PROD,1006.0,RLT_10
2024,9,50000,8002,PROD,834.0,80070,8007.0,PROD,835.0,RLT_10
2024,9,50000,8002,PROD,834.0,90000,,ADD,48.0,RLT_10
2024,9,50000,8002,PROD,834.0,90001,,ADD,19.0,RLT_10
2024,9,80070,8007,PROD,870.0,80010,8001.0,PROD,3171.0,RLT_10
2024,9,80070,8007,PROD,870.0,90002,,ADD,27.0,RLT_10
2024,9,80070,8007,PROD,870.0,90003,,ADD,10.0,RLT_10
2024,9,80010,8001,PROD,1706.0,80000,8000.0,PROD,1740.0,RLT_10
2024,9,80010,8001,PROD,1706.0,90004,,ADD,109.0,RLT_10
2024,9,80000,8000,PROD,1845.9999999999998,70000,,RM,2182.0,RLT_10
2024,9,80000,8000,PROD,1845.9999999999998,90005,,ADD,71.0,RLT_10
2024,10,10000,8002,FIN,960.0,50000,8002.0,PROD,960.0,RLT_10
2024,10,50000,8002,PROD,810.0,80070,8007.0,PROD,933.0,RLT_10
2024,10,50000,8002,PROD,810.0,90000,,ADD,55.0,RLT_10
2024,10,50000,8002,PROD,810.0,90001,,ADD,20.0,RLT_10
2024,10,80070,8007,PROD,894.0,80010,8001.0,PROD,3889.0,RLT_10
2024,10,80070,8007,PROD,894.0,90002,,ADD,31.0,RLT_10
2024,10,80070,8007,PROD,894.0,90003,,ADD,11.0,RLT_10
2024,10,80010,8001,PROD,1803.0,80000,8000.0,PROD,1814.0,RLT_10
2024,10,80010,8001,PROD,1803.0,90004,,ADD,102.0,RLT_10
2024,10,80000,8000,PROD,1845.0000000000002,70000,,RM,2545.0,RLT_10
2024,10,80000,8000,PROD,1845.0000000000002,90005,,ADD,70.0,RLT_10
2024,11,10000,8002,FIN,955.0,50000,8002.0,PROD,955.0,RLT_10
2024,11,50000,8002,PROD,733.0000000000001,80070,8007.0,PROD,992.0,RLT_10
2024,11,50000,8002,PROD,733.0000000000001,90000,,ADD,48.0,RLT_10
2024,11,50000,8002,PROD,733.0000000000001,90001,,ADD,20.999999999999996,RLT_10
2024,11,80070,8007,PROD,924.0,80010,8001.0,PROD,3178.9999999999995,RLT_10
2024,11,80070,8007,PROD,924.0,90002,,ADD,28.0,RLT_10
2024,11,80070,8007,PROD,924.0,90003,,ADD,10.0,RLT_10
2024,11,80010,8001,PROD,1705.0,80000,8000.0,PROD,2232.0,RLT_10
2024,11,80010,8001,PROD,1705.0,90004,,ADD,109.0,RLT_10
2024,11,80000,8000,PROD,2109.0,70000,,RM,2642.9999999999995,RLT_10
2024,11,80000,8000,PROD,2109.0,90005,,ADD,66.0,RLT_10
2024,12,10000,8002,FIN,1057.0,50000,8002.0,PROD,1057.0,RLT_10
2024,12,50000,8002,PROD,755.0,80070,8007.0,PROD,1007.0,RLT_10
2024,12,50000,8002,PROD,755.0,90000,,ADD,53.0,RLT_10
2024,12,50000,8002,PROD,755.0,90001,,ADD,20.0,RLT_10
2024,12,80070,8007,PROD,987.0,80010,8001.0,PROD,3444.0000000000005,RLT_10
2024,12,80070,8007,PROD,987.0,90002,,ADD,27.0,RLT_10
2024,12,80070,8007,PROD,987.0,90003,,ADD,9.0,RLT_10
2024,12,80010,8001,PROD,1649.0,80000,8000.0,PROD,1684.0,RLT_10
2024,12,80010,8001,PROD,1649.0,90004,,ADD,98.0,RLT_10
2024,12,80000,8000,PROD,1807.0,70000,,RM,2556.0,RLT_10
2024,12,80000,8000,PROD,1807.0,90005,,ADD,64.0,RLT_10
2024,1,10001,8002,FIN,975.0,50001,8002.0,PROD,975.0,RLT_10
2024,1,50001,8002,PROD,738.9999999999999,80071,8007.0,PROD,808.0,RLT_10
2024,1,50001,8002,PROD,738.9999999999999,90005,,ADD,49.0,RLT_10
2024,1,50001,8002,PROD,738.9999999999999,90006,,ADD,20.999999999999996,RLT_10
2024,1,80071,8007,PROD,897.0,80011,8001.0,PROD,3541.0,RLT_10
2024,1,80071,8007,PROD,897.0,90007,,ADD,29.000000000000004,RLT_10
2024,1,80071,8007,PROD,897.0,90008,,ADD,11.0,RLT_10
2024,1,80011,8001,PROD,1670.0,80001,8000.0,PROD,1909.0,RLT_10
2024,1,80011,8001,PROD,1670.0,90009,,ADD,96.0,RLT_10
2024,1,80001,8000,PROD,1904.0,70001,,RM,2803.0,RLT_10
2024,1,80001,8000,PROD,1904.0,90010,,ADD,72.0,RLT_10
2024,2,10001,8002,FIN,1050.0,50001,8002.0,PROD,1050.0,RLT_10
2024,2,50001,8002,PROD,811.0000000000001,80071,8007.0,PROD,879.0,RLT_10
2024,2,50001,8002,PROD,811.0000000000001,90005,,ADD,48.0,RLT_10
2024,2,50001,8002,PROD,811.0000000000001,90006,,ADD,20.0,RLT_10
2024,2,80071,8007,PROD,875.0,80011,8001.0,PROD,3021.0000000000005,RLT_10
2024,2,80071,8007,PROD,875.0,90007,,ADD,29.000000000000004,RLT_10
2024,2,80071,8007,PROD,875.0,90008,,ADD,11.0,RLT_10
2024,2,80011,8001,PROD,1635.0,80001,8000.0,PROD,2130.0,RLT_10
2024,2,80011,8001,PROD,1635.0,90009,,ADD,106.99999999999999,RLT_10
2024,2,80001,8000,PROD,2144.0,70001,,RM,2538.0,RLT_10
2024,2,80001,8000,PROD,2144.0,90010,,ADD,73.0,RLT_10
2024,3,10001,8002,FIN,955.0,50001,8002.0,PROD,955.0,RLT_10
2024,3,50001,8002,PROD,795.0,80071,8007.0,PROD,818.0,RLT_10
2024,3,50001,8002,PROD,795.0,90005,,ADD,46.0,RLT_10
2024,3,50001,8002,PROD,795.0,90006,,ADD,20.0,RLT_10
2024,3,80071,8007,PROD,894.0,80011,8001.0,PROD,3359.0,RLT_10
2024,3,80071,8007,PROD,894.0,90007,,ADD,33.0,RLT_10
2024,3,80071,8007,PROD,894.0,90008,,ADD,9.0,RLT_10
2024,3,80011,8001,PROD,1708.0,80001,8000.0,PROD,2035.0000000000002,RLT_10
2024,3,80011,8001,PROD,1708.0,90009,,ADD,90.99999999999999,RLT_10
2024,3,80001,8000,PROD,1854.0,70001,,RM,2677.0,RLT_10
2024,3,80001,8000,PROD,1854.0,90010,,ADD,68.0,RLT_10
2024,4,10001,8002,FIN,1070.0,50001,8002.0,PROD,1070.0,RLT_10
2024,4,50001,8002,PROD,805.0,80071,8007.0,PROD,927.0,RLT_10
2024,4,50001,8002,PROD,805.0,90005,,ADD,53.0,RLT_10
2024,4,50001,8002,PROD,805.0,90006,,ADD,20.0,RLT_10
2024,4,80071,8007,PROD,848.0,80011,8001.0,PROD,3446.9999999999995,RLT_10
2024,4,80071,8007,PROD,848.0,90007,,ADD,30.0,RLT_10
2024,4,80071,8007,PROD,848.0,90008,,ADD,10.0,RLT_10
2024,4,80011,8001,PROD,1862.0,80001,8000.0,PROD,2031.0,RLT_10
2024,4,80011,8001,PROD,1862.0,90009,,ADD,110.0,RLT_10
2024,4,80001,8000,PROD,2075.0,70001,,RM,2616.0,RLT_10
2024,4,80001,8000,PROD,2075.0,90010,,ADD,65.0,RLT_10
2024,5,10001,8002,FIN,954.0,50001,8002.0,PROD,954.0,RLT_10
2024,5,50001,8002,PROD,757.0,80071,8007.0,PROD,881.0,RLT_10
2024,5,50001,8002,PROD,757.0,90005,,ADD,50.00000000000001,RLT_10
2024,5,50001,8002,PROD,757.0,90006,,ADD,19.0,RLT_10
2024,5,80071,8007,PROD,857.0,80011,8001.0,PROD,3270.0,RLT_10
2024,5,80071,8007,PROD,857.0,90007,,ADD,32.0,RLT_10
2024,5,80071,8007,PROD,857.0,90008,,ADD,11.0,RLT_10
2024,5,80011,8001,PROD,1630.0,80001,8000.0,PROD,2105.0,RLT_10
2024,5,80011,8001,PROD,1630.0,90009,,ADD,109.0,RLT_10
2024,5,80001,8000,PROD,2166.0,70001,,RM,2638.0,RLT_10
2024,5,80001,8000,PROD,2166.0,90010,,ADD,74.0,RLT_10
2024,6,10001,8002,FIN,901.0,50001,8002.0,PROD,901.0,RLT_10
2024,6,50001,8002,PROD,764.0,80071,8007.0,PROD,984.0000000000001,RLT_10
2024,6,50001,8002,PROD,764.0,90005,,ADD,45.0,RLT_10
2024,6,50001,8002,PROD,764.0,90006,,ADD,20.0,RLT_10
2024,6,80071,8007,PROD,988.0,80011,8001.0,PROD,3802.9999999999995,RLT_10
2024,6,80071,8007,PROD,988.0,90007,,ADD,32.0,RLT_10
2024,6,80071,8007,PROD,988.0,90008,,ADD,11.0,RLT_10
2024,6,80011,8001,PROD,1772.0,80001,8000.0,PROD,2364.0,RLT_10
2024,6,80011,8001,PROD,1772.0,90009,,ADD,98.0,RLT_10
2024,6,80001,8000,PROD,2185.0,70001,,RM,2117.0,RLT_10
2024,6,80001,8000,PROD,2185.0,90010,,ADD,68.0,RLT_10
2024,7,10001,8002,FIN,1054.0,50001,8002.0,PROD,1054.0,RLT_10
2024,7,50001,8002,PROD,764.0,80071,8007.0,PROD,803.0,RLT_10
2024,7,50001,8002,PROD,764.0,90005,,ADD,49.0,RLT_10
2024,7,50001,8002,PROD,764.0,90006,,ADD,20.0,RLT_10
2024,7,80071,8007,PROD,870.0,80011,8001.0,PROD,3842.0,RLT_10
2024,7,80071,8007,PROD,870.0,90007,,ADD,32.0,RLT_10
2024,7,80071,8007,PROD,870.0,90008,,ADD,10.0,RLT_10
2024,7,80011,8001,PROD,1773.0,80001,8000.0,PROD,2033.0,RLT_10
2024,7,80011,8001,PROD,1773.0,90009,,ADD,94.0,RLT_10
2024,7,80001,8000,PROD,1944.0,70001,,RM,2641.0,RLT_10
2024,7,80001,8000,PROD,1944.0,90010,,ADD,75.0,RLT_10
2024,8,10001,8002,FIN,1044.0,50001,8002.0,PROD,1044.0,RLT_10
2024,8,50001,8002,PROD,747.0,80071,8007.0,PROD,942.0,RLT_10
2024,8,50001,8002,PROD,747.0,90005,,ADD,47.0,RLT_10
2024,8,50001,8002,PROD,747.0,90006,,ADD,19.0,RLT_10
2024,8,80071,8007,PROD,977.0,80011,8001.0,PROD,3835.0,RLT_10
2024,8,80071,8007,PROD,977.0,90007,,ADD,29.000000000000004,RLT_10
2024,8,80071,8007,PROD,977.0,90008,,ADD,10.0,RLT_10
2024,8,80011,8001,PROD,1922.0,80001,8000.0,PROD,1928.0,RLT_10
2024,8,80011,8001,PROD,1922.0,90009,,ADD,99.0,RLT_10
2024,8,80001,8000,PROD,1931.0,70001,,RM,2797.0,RLT_10
2024,8,80001,8000,PROD,1931.0,90010,,ADD,68.0,RLT_10
2024,9,10001,8002,FIN,941.0,50001,8002.0,PROD,941.0,RLT_10
2024,9,50001,8002,PROD,861.0000000000001,80071,8007.0,PROD,1018.0,RLT_10
2024,9,50001,8002,PROD,861.0000000000001,90005,,ADD,47.0,RLT_10
2024,9,50001,8002,PROD,861.0000000000001,90006,,ADD,20.999999999999996,RLT_10
2024,9,80071,8007,PROD,958.0,80011,8001.0,PROD,3219.0,RLT_10
2024,9,80071,8007,PROD,958.0,90007,,ADD,32.0,RLT_10
2024,9,80071,8007,PROD,958.0,90008,,ADD,10.0,RLT_10
2024,9,80011,8001,PROD,1707.0,80001,8000.0,PROD,2108.0,RLT_10
2024,9,80011,8001,PROD,1707.0,90009,,ADD,101.0,RLT_10
2024,9,80001,8000,PROD,1950.0,70001,,RM,2429.0,RLT_10
2024,9,80001,8000,PROD,1950.0,90010,,ADD,66.0,RLT_10
2024,10,10001,8002,FIN,1049.0,50001,8002.0,PROD,1049.0,RLT_10
2024,10,50001,8002,PROD,810.0,80071,8007.0,PROD,876.0,RLT_10
2024,10,50001,8002,PROD,810.0,90005,,ADD,51.0,RLT_10
2024,10,50001,8002,PROD,810.0,90006,,ADD,19.0,RLT_10
2024,10,80071,8007,PROD,811.0000000000001,80011,8001.0,PROD,3890.0000000000005,RLT_10
2024,10,80071,8007,PROD,811.0000000000001,90007,,ADD,30.0,RLT_10
2024,10,80071,8007,PROD,811.0000000000001,90008,,ADD,10.0,RLT_10
2024,10,80011,8001,PROD,1895.0,80001,8000.0,PROD,2103.0,RLT_10
2024,10,80011,8001,PROD,1895.0,90009,,ADD,106.99999999999999,RLT_10
2024,10,80001,8000,PROD,2045.0,70001,,RM,2287.0,RLT_10
2024,10,80001,8000,PROD,2045.0,90010,,ADD,67.0,RLT_10
2024,11,10001,8002,FIN,949.0,50001,8002.0,PROD,949.0,RLT_10
2024,11,50001,8002,PROD,840.0,80071,8007.0,PROD,966.0,RLT_10
2024,11,50001,8002,PROD,840.0,90005,,ADD,49.0,RLT_10
2024,11,50001,8002,PROD,840.0,90006,,ADD,20.0,RLT_10
2024,11,80071,8007,PROD,927.0,80011,8001.0,PROD,3601.0000000000005,RLT_10
2024,11,80071,8007,PROD,927.0,90007,,ADD,30.0,RLT_10
2024,11,80071,8007,PROD,927.0,90008,,ADD,10.0,RLT_10
2024,11,80011,8001,PROD,1945.9999999999998,80001,8000.0,PROD,1938.0,RLT_10
2024,11,80011,8001,PROD,1945.9999999999998,90009,,ADD,100.00000000000001,RLT_10
2024,11,80001,8000,PROD,1859.0,70001,,RM,2558.0,RLT_10
2024,11,80001,8000,PROD,1859.0,90010,,ADD,69.0,RLT_10
2024,12,10001,8002,FIN,1081.0,50001,8002.0,PROD,1081.0,RLT_10
2024,12,50001,8002,PROD,794.0,80071,8007.0,PROD,857.0,RLT_10
2024,12,50001,8002,PROD,794.0,90005,,ADD,51.0,RLT_10
2024,12,50001,8002,PROD,794.0,90006,,ADD,20.999999999999996,RLT_10
2024,12,80071,8007,PROD,849.0,80011,8001.0,PROD,3822.0,RLT_10
2024,12,80071,8007,PROD,849.0,90007,,ADD,27.0,RLT_10
2024,12,80071,8007,PROD,849.0,90008,,ADD,9.0,RLT_10
2024,12,80011,8001,PROD,1780.0,80001,8000.0,PROD,2046.0000000000002,RLT_10
2024,12,80011,8001,PROD,1780.0,90009,,ADD,102.0,RLT_10
2024,12,80001,8000,PROD,2181.0,70001,,RM,2523.0,RLT_10
2024,12,80001,8000,PROD,2181.0,90010,,ADD,65.0,RLT_10
2024,1,10002,8002,FIN,1032.0,50002,8002.0,PROD,1032.0,RLT_14
2024,1,50002,8002,PROD,790.0,80072,8007.0,PROD,928.0000000000001,RLT_14
2024,1,50002,8002,PROD,790.0,90010,,ADD,52.0,RLT_14
2024,1,50002,8002,PROD,790.0,90011,,ADD,18.0,RLT_14
2024,1,80072,8007,PROD,868.0,80012,8001.0,PROD,3471.0,RLT_14
2024,1,80072,8007,PROD,868.0,90012,,ADD,32.0,RLT_14
2024,1,80072,8007,PROD,868.0,90013,,ADD,9.0,RLT_14
2024,1,80012,8001,PROD,1825.0,80002,8000.0,PROD,2301.0,RLT_14
2024,1,80012,8001,PROD,1825.0,90014,,ADD,92.0,RLT_14
2024,1,80002,8000,PROD,2136.0,70002,,RM,2860.0,RLT_14
2024,1,80002,8000,PROD,2136.0,90015,,ADD,70.0,RLT_14
2024,2,10002,8002,FIN,1084.0,50002,8002.0,PROD,1084.0,RLT_14
2024,2,50002,8002,PROD,872.9999999999999,80072,8007.0,PROD,872.9999999999999,RLT_14
2024,2,50002,8002,PROD,872.9999999999999,90010,,ADD,52.0,RLT_14
2024,2,50002,8002,PROD,872.9999999999999,90011,,ADD,20.0,RLT_14
2024,2,80072,8007,PROD,815.0,80012,8001.0,PROD,3812.0,RLT_14
2024,2,80072,8007,PROD,815.0,90012,,ADD,29.000000000000004,RLT_14
2024,2,80072,8007,PROD,815.0,90013,,ADD,11.0,RLT_14
2024,2,80012,8001,PROD,1820.0,80002,8000.0,PROD,1828.0,RLT_14
2024,2,80012,8001,PROD,1820.0,90014,,ADD,99.0,RLT_14
2024,2,80002,8000,PROD,1825.0,70002,,RM,2175.0,RLT_14
2024,2,80002,8000,PROD,1825.0,90015,,ADD,74.0,RLT_14
2024,3,10002,8002,FIN,1005.0,50002,8002.0,PROD,1005.0,RLT_14
2024,3,50002,8002,PROD,864.0,80072,8007.0,PROD,865.0,RLT_14
2024,3,50002,8002,PROD,864.0,90010,,ADD,49.0,RLT_14
2024,3,50002,8002,PROD,864.0,90011,,ADD,20.0,RLT_14
2024,3,80072,8007,PROD,896.0,80012,8001.0,PROD,3058.0,RLT_14
2024,3,80072,8007,PROD,896.0,90012,,ADD,28.0,RLT_14
2024,3,80072,8007,PROD,896.0,90013,,ADD,10.0,RLT_14
2024,3,80012,8001,PROD,1647.0,80002,8000.0,PROD,1826.0,RLT_14
2024,3,80012,8001,PROD,1647.0,90014,,ADD,101.0,RLT_14
2024,3,80002,8000,PROD,1945.0000000000002,70002,,RM,2467.0,RLT_14
2024,3,80002,8000,PROD,1945.0000000000002,90015,,ADD,67.0,RLT_14
2024,4,10002,8002,FIN,984.0000000000001,50002,8002.0,PROD,984.0,RLT_14
2024,4,50002,8002,PROD,774.0,80072,8007.0,PROD,917.0000000000001,RLT_14
2024,4,50002,8002,PROD,774.0,90010,,ADD,46.0,RLT_14
2024,4,50002,8002,PROD,774.0,90011,,ADD,19.0,RLT_14
2024,4,80072,8007,PROD,859.0,80012,8001.0,PROD,3312.9999999999995,RLT_14
2024,4,80072,8007,PROD,859.0,90012,,ADD,30.0,RLT_14
2024,4,80072,8007,PROD,859.0,90013,,ADD,9.0,RLT_14
2024,4,80012,8001,PROD,1755.0,80002,8000.0,PROD,2106.0,RLT_14
2024,4,80012,8001,PROD,1755.0,90014,,ADD,106.99999999999999,RLT_14
2024,4,80002,8000,PROD,2023.0,70002,,RM,2525.0,RLT_14
2024,4,80002,8000,PROD,2023.0,90015,,ADD,76.0,RLT_14
2024,5,10002,8002,FIN,1005.0,50002,8002.0,PROD,1005.0,RLT_14
2024,5,50002,8002,PROD,851.0,80072,8007.0,PROD,970.0,RLT_14
2024,5,50002,8002,PROD,851.0,90010,,ADD,52.0,RLT_14
2024,5,50002,8002,PROD,851.0,90011,,ADD,19.0,RLT_14
2024,5,80072,8007,PROD,924.0,80012,8001.0,PROD,3064.0,RLT_14
2024,5,80072,8007,PROD,924.0,90012,,ADD,33.0,RLT_14
2024,5,80072,8007,PROD,924.0,90013,,ADD,11.0,RLT_14
2024,5,80012,8001,PROD,1665.0,80002,8000.0,PROD,2127.0,RLT_14
2024,5,80012,8001,PROD,1665.0,90014,,ADD,104.0,RLT_14
2024,5,80002,8000,PROD,2063.0,70002,,RM,2372.0,RLT_14
2024,5,80002,8000,PROD,2063.0,90015,,ADD,73.0,RLT_14
2024,6,10002,8002,FIN,935.0,50002,8002.0,PROD,935.0,RLT_14
2024,6,50002,8002,PROD,758.0,80072,8007.0,PROD,1059.0,RLT_14
2024,6,50002,8002,PROD,758.0,90010,,ADD,54.0,RLT_14
2024,6,50002,8002,PROD,758.0,90011,,ADD,20.0,RLT_14
2024,6,80072,8007,PROD,969.0,80012,8001.0,PROD,4276.0,RLT_14
2024,6,80072,8007,PROD,969.0,90012,,ADD,28.0,RLT_14
2024,6,80072,8007,PROD,969.0,90013,,ADD,10.0,RLT_14
2024,6,80012,8001,PROD,1979.0000000000002,80002,8000.0,PROD,1944.0,RLT_14
2024,6,80012,8001,PROD,1979.0000000000002,90014,,ADD,109.0,RLT_14
2024,6,80002,8000,PROD,1911.0,70002,,RM,2787.0,RLT_14
2024,6,80002,8000,PROD,1911.0,90015,,ADD,72.0,RLT_14
2024,7,10002,8002,FIN,972.9999999999999,50002,8002.0,PROD,973.0,RLT_14
2024,7,50002,8002,PROD,798.0,80072,8007.0,PROD,867.0000000000001,RLT_14
2024,7,50002,8002,PROD,798.0,90010,,ADD,51.0,RLT_14
2024,7,50002,8002,PROD,798.0,90011,,ADD,20.0,RLT_14
2024,7,80072,8007,PROD,855.0,80012,8001.0,PROD,3921.0,RLT_14
2024,7,80072,8007,PROD,855.0,90012,,ADD,29.000000000000004,RLT_14
2024,7,80072,8007,PROD,855.0,90013,,ADD,9.0,RLT_14
2024,7,80012,8001,PROD,1964.0,80002,8000.0,PROD,1943.0,RLT_14
2024,7,80012,8001,PROD,1964.0,90014,,ADD,94.0,RLT_14
2024,7,80002,8000,PROD,1865.0,70002,,RM,2936.0,RLT_14
2024,7,80002,8000,PROD,1865.0,90015,,ADD,73.0,RLT_14
2024,8,10002,8002,FIN,1034.0,50002,8002.0,PROD,1034.0,RLT_14
2024,8,50002,8002,PROD,844.0,80072,8007.0,PROD,868.0,RLT_14
2024,8,50002,8002,PROD,844.0,90010,,ADD,46.0,RLT_14
2024,8,50002,8002,PROD,844.0,90011,,ADD,22.0,RLT_14
2024,8,80072,8007,PROD,830.0,80012,8001.0,PROD,3186.0,RLT_14
2024,8,80072,8007,PROD,830.0,90012,,ADD,29.000000000000004,RLT_14
2024,8,80072,8007,PROD,830.0,90013,,ADD,10.0,RLT_14
2024,8,80012,8001,PROD,1725.0,80002,8000.0,PROD,1904.0,RLT_14
2024,8,80012,8001,PROD,1725.0,90014,,ADD,100.00000000000001,RLT_14
2024,8,80002,8000,PROD,1941.0,70002,,RM,2655.0,RLT_14
2024,8,80002,8000,PROD,1941.0,90015,,ADD,64.0,RLT_14
2024,9,10002,8002,FIN,1040.0,50002,8002.0,PROD,1040.0,RLT_14
2024,9,50002,8002,PROD,720.0,80072,8007.0,PROD,982.0,RLT_14
2024,9,50002,8002,PROD,720.0,90010,,ADD,52.0,RLT_14
2024,9,50002,8002,PROD,720.0,90011,,ADD,20.999999999999996,RLT_14
2024,9,80072,8007,PROD,977.0,80012,8001.0,PROD,3226.0,RLT_14
2024,9,80072,8007,PROD,977.0,90012,,ADD,29.000000000000004,RLT_14
2024,9,80072,8007,PROD,977.0,90013,,ADD,9.0,RLT_14
2024,9,80012,8001,PROD,1678.9999999999998,80002,8000.0,PROD,1910.0,RLT_14
2024,9,80012,8001,PROD,1678.9999999999998,90014,,ADD,90.99999999999999,RLT_14
2024,9,80002,8000,PROD,1923.9999999999998,70002,,RM,2434.0,RLT_14
2024,9,80002,8000,PROD,1923.9999999999998,90015,,ADD,71.0,RLT_14
2024,10,10002,8002,FIN,949.0,50002,8002.0,PROD,949.0,RLT_14
2024,10,50002,8002,PROD,745.0,80072,8007.0,PROD,820.0,RLT_14
2024,10,50002,8002,PROD,745.0,90010,,ADD,48.0,RLT_14
2024,10,50002,8002,PROD,745.0,90011,,ADD,22.0,RLT_14
2024,10,80072,8007,PROD,894.9999999999999,80012,8001.0,PROD,3258.0,RLT_14
2024,10,80072,8007,PROD,894.9999999999999,90012,,ADD,27.0,RLT_14
2024,10,80072,8007,PROD,894.9999999999999,90013,,ADD,11.0,RLT_14
2024,10,80012,8001,PROD,1686.0,80002,8000.0,PROD,1847.0,RLT_14
2024,10,80012,8001,PROD,1686.0,90014,,ADD,103.0,RLT_14
2024,10,80002,8000,PROD,1972.0,70002,,RM,2550.0,RLT_14
2024,10,80002,8000,PROD,1972.0,90015,,ADD,64.0,RLT_14
2024,11,10002,8002,FIN,1069.0,50002,8002.0,PROD,1069.0,RLT_14
2024,11,50002,8002,PROD,766.0,80072,8007.0,PROD,880.0,RLT_14
2024,11,50002,8002,PROD,766.0,90010,,ADD,49.0,RLT_14
2024,11,50002,8002,PROD,766.0,90011,,ADD,22.0,RLT_14
2024,11,80072,8007,PROD,816.0,80012,8001.0,PROD,3251.0,RLT_14
2024,11,80072,8007,PROD,816.0,90012,,ADD,32.0,RLT_14
2024,11,80072,8007,PROD,816.0,90013,,ADD,11.0,RLT_14
2024,11,80012,8001,PROD,1709.0,80002,8000.0,PROD,1871.0,RLT_14
2024,11,80012,8001,PROD,1709.0,90014,,ADD,100.00000000000001,RLT_14
2024,11,80002,8000,PROD,1887.0,70002,,RM,2766.0,RLT_14
2024,11,80002,8000,PROD,1887.0,90015,,ADD,76.0,RLT_14
2024,12,10002,8002,FIN,957.0,50002,8002.0,PROD,957.0,RLT_14
2024,12,50002,8002,PROD,820.0,80072,8007.0,PROD,998.0,RLT_14
2024,12,50002,8002,PROD,820.0,90010,,ADD,52.0,RLT_14
2024,12,50002,8002,PROD,820.0,90011,,ADD,19.0,RLT_14
2024,12,80072,8007,PROD,972.0,80012,8001.0,PROD,3635.0,RLT_14
2024,12,80072,8007,PROD,972.0,90012,,ADD,29.000000000000004,RLT_14
2024,12,80072,8007,PROD,972.0,90013,,ADD,10.0,RLT_14
2024,12,80012,8001,PROD,1956.0,80002,8000.0,PROD,1909.0,RLT_14
2024,12,80012,8001,PROD,1956.0,90014,,ADD,98.0,RLT_14
2024,12,80002,8000,PROD,1905.0,70002,,RM,2521.0,RLT_14
2024,12,80002,8000,PROD,1905.0,90015,,ADD,63.0,RLT_14
2024,1,10003,8002,FIN,1030.0,50003,8002.0,PROD,1030.0,RLT_14
2024,1,50003,8002,PROD,819.0,80073,8007.0,PROD,976.0,RLT_14
2024,1,50003,8002,PROD,819.0,90015,,ADD,54.0,RLT_14
2024,1,50003,8002,PROD,819.0,90016,,ADD,20.999999999999996,RLT_14
2024,1,80073,8007,PROD,963.0,80013,8001.0,PROD,3475.0,RLT_14
2024,1,80073,8007,PROD,963.0,90017,,ADD,28.0,RLT_14
2024,1,80073,8007,PROD,963.0,90018,,ADD,10.0,RLT_14
2024,1,80013,8001,PROD,1897.0,80003,8000.0,PROD,1688.0,RLT_14
2024,1,80013,8001,PROD,1897.0,90019,,ADD,97.0,RLT_14
2024,1,80003,8000,PROD,1803.0,70003,,RM,2522.0,RLT_14
2024,1,80003,8000,PROD,1803.0,90020,,ADD,66.0,RLT_14
2024,2,10003,8002,FIN,950.9999999999999,50003,8002.0,PROD,951.0,RLT_14
2024,2,50003,8002,PROD,768.0,80073,8007.0,PROD,783.0000000000001,RLT_14
2024,2,50003,8002,PROD,768.0,90015,,ADD,51.0,RLT_14
2024,2,50003,8002,PROD,768.0,90016,,ADD,22.0,RLT_14
2024,2,80073,8007,PROD,860.0,80013,8001.0,PROD,4022.0,RLT_14
2024,2,80073,8007,PROD,860.0,90017,,ADD,32.0,RLT_14
2024,2,80073,8007,PROD,860.0,90018,,ADD,10.0,RLT_14
2024,2,80013,8001,PROD,1926.0,80003,8000.0,PROD,1985.0,RLT_14
2024,2,80013,8001,PROD,1926.0,90019,,ADD,106.0,RLT_14
2024,2,80003,8000,PROD,1867.9999999999998,70003,,RM,2561.0,RLT_14
2024,2,80003,8000,PROD,1867.9999999999998,90020,,ADD,70.0,RLT_14
2024,3,10003,8002,FIN,1089.0,50003,8002.0,PROD,1089.0,RLT_14
2024,3,50003,8002,PROD,844.0,80073,8007.0,PROD,941.0,RLT_14
2024,3,50003,8002,PROD,844.0,90015,,ADD,55.0,RLT_14
2024,3,50003,8002,PROD,844.0,90016,,ADD,22.0,RLT_14
2024,3,80073,8007,PROD,905.0,80013,8001.0,PROD,3641.0,RLT_14
2024,3,80073,8007,PROD,905.0,90017,,ADD,32.0,RLT_14
2024,3,80073,8007,PROD,905.0,90018,,ADD,10.0,RLT_14
2024,3,80013,8001,PROD,1820.0,80003,8000.0,PROD,1885.0,RLT_14
2024,3,80013,8001,PROD,1820.0,90019,,ADD,108.0,RLT_14
2024,3,80003,8000,PROD,1923.0000000000002,70003,,RM,2328.0,RLT_14
2024,3,80003,8000,PROD,1923.0000000000002,90020,,ADD,68.0,RLT_14
2024,4,10003,8002,FIN,1047.0,50003,8002.0,PROD,1047.0,RLT_14
2024,4,50003,8002,PROD,780.0,80073,8007.0,PROD,878.0000000000001,RLT_14
2024,4,50003,8002,PROD,780.0,90015,,ADD,51.0,RLT_14
2024,4,50003,8002,PROD,780.0,90016,,ADD,22.0,RLT_14
2024,4,80073,8007,PROD,842.0,80013,8001.0,PROD,3353.0,RLT_14
2024,4,80073,8007,PROD,842.0,90017,,ADD,30.0,RLT_14
2024,4,80073,8007,PROD,842.0,90018,,ADD,10.0,RLT_14
2024,4,80013,8001,PROD,1749.0,80003,8000.0,PROD,1940.0,RLT_14
2024,4,80013,8001,PROD,1749.0,90019,,ADD,102.0,RLT_14
2024,4,80003,8000,PROD,2049.0,70003,,RM,2643.9999999999995,RLT_14
2024,4,80003,8000,PROD,2049.0,90020,,ADD,76.0,RLT_14
2024,5,10003,8002,FIN,1006.0000000000001,50003,8002.0,PROD,1006.0,RLT_14
2024,5,50003,8002,PROD,830.0,80073,8007.0,PROD,883.0,RLT_14
2024,5,50003,8002,PROD,830.0,90015,,ADD,47.0,RLT_14
2024,5,50003,8002,PROD,830.0,90016,,ADD,19.0,RLT_14
2024,5,80073,8007,PROD,964.0,80013,8001.0,PROD,3545.0,RLT_14
2024,5,80073,8007,PROD,964.0,90017,,ADD,32.0,RLT_14
2024,5,80073,8007,PROD,964.0,90018,,ADD,9.0,RLT_14
2024,5,80013,8001,PROD,1667.0000000000002,80003,8000.0,PROD,2058.0,RLT_14
2024,5,80013,8001,PROD,1667.0000000000002,90019,,ADD,106.99999999999999,RLT_14
2024,5,80003,8000,PROD,2142.0,70003,,RM,2926.0,RLT_14
2024,5,80003,8000,PROD,2142.0,90020,,ADD,64.0,RLT_14
2024,6,10003,8002,FIN,922.0,50003,8002.0,PROD,922.0,RLT_14
2024,6,50003,8002,PROD,746.0,80073,8007.0,PROD,855.9999999999999,RLT_14
2024,6,50003,8002,PROD,746.0,90015,,ADD,49.0,RLT_14
2024,6,50003,8002,PROD,746.0,90016,,ADD,20.999999999999996,RLT_14
2024,6,80073,8007,PROD,880.0,80013,8001.0,PROD,3451.0,RLT_14
2024,6,80073,8007,PROD,880.0,90017,,ADD,29.000000000000004,RLT_14
2024,6,80073,8007,PROD,880.0,90018,,ADD,10.0,RLT_14
2024,6,80013,8001,PROD,1783.0,80003,8000.0,PROD,1895.0,RLT_14
2024,6,80013,8001,PROD,1783.0,90019,,ADD,90.0,RLT_14
2024,6,80003,8000,PROD,1852.0,70003,,RM,2384.0,RLT_14
2024,6,80003,8000,PROD,1852.0,90020,,ADD,71.0,RLT_14
2024,7,10003,8002,FIN,1037.0,50003,8002.0,PROD,1037.0,RLT_14
2024,7,50003,8002,PROD,859.0,80073,8007.0,PROD,855.9999999999999,RLT_14
2024,7,50003,8002,PROD,859.0,90015,,ADD,47.0,RLT_14
2024,7,50003,8002,PROD,859.0,90016,,ADD,20.0,RLT_14
2024,7,80073,8007,PROD,814.0,80013,8001.0,PROD,3696.0,RLT_14
2024,7,80073,8007,PROD,814.0,90017,,ADD,33.0,RLT_14
2024,7,80073,8007,PROD,814.0,90018,,ADD,11.0,RLT_14
2024,7,80013,8001,PROD,1821.0,80003,8000.0,PROD,1884.0,RLT_14
2024,7,80013,8001,PROD,1821.0,90019,,ADD,96.0,RLT_14
2024,7,80003,8000,PROD,2083.0,70003,,RM,2153.0,RLT_14
2024,7,80003,8000,PROD,2083.0,90020,,ADD,66.0,RLT_14
2024,8,10003,8002,FIN,994.0,50003,8002.0,PROD,994.0,RLT_14
2024,8,50003,8002,PROD,751.0,80073,8007.0,PROD,953.0,RLT_14
2024,8,50003,8002,PROD,751.0,90015,,ADD,55.0,RLT_14
2024,8,50003,8002,PROD,751.0,90016,,ADD,20.999999999999996,RLT_14
2024,8,80073,8007,PROD,986.0,80013,8001.0,PROD,3886.0,RLT_14
2024,8,80073,8007,PROD,986.0,90017,,ADD,31.0,RLT_14
2024,8,80073,8007,PROD,986.0,90018,,ADD,10.0,RLT_14
2024,8,80013,8001,PROD,1828.0,80003,8000.0,PROD,2323.0,RLT_14
2024,8,80013,8001,PROD,1828.0,90019,,ADD,106.99999999999999,RLT_14
2024,8,80003,8000,PROD,2041.0,70003,,RM,2420.0,RLT_14
2024,8,80003,8000,PROD,2041.0,90020,,ADD,68.0,RLT_14
2024,9,10003,8002,FIN,1040.0,50003,8002.0,PROD,1040.0,RLT_14
2024,9,50003,8002,PROD,720.0,80073,8007.0,PROD,982.0,RLT_14
2024,9,50003,8002,PROD,720.0,90015,,ADD,52.0,RLT_14
2024,9,50003,8002,PROD,720.0,90016,,ADD,20.999999999999996,RLT_14
2024,9,80073,8007,PROD,977.0,80013,8001.0,PROD,3226.0,RLT_14
2024,9,80073,8007,PROD,977.0,90017,,ADD,29.000000000000004,RLT_14
2024,9,80073,8007,PROD,977.0,90018,,ADD,9.0,RLT_14
2024,9,80013,8001,PROD,1678.9999999999998,80003,8000.0,PROD,1910.0,RLT_14
2024,9,80013,8001,PROD,1678.9999999999998,90019,,ADD,90.99999999999999,RLT_14
2024,9,80003,8000,PROD,1923.9999999999998,70003,,RM,2434.0,RLT_14
2024,9,80003,8000,PROD,1923.9999999999998,90020,,ADD,71.0,RLT_14
2024,10,10003,8002,FIN,949.0,50003,8002.0,PROD,949.0,RLT_14
2024,10,50003,8002,PROD,745.0,80073,8007.0,PROD,820.0,RLT_14
2024,10,50003,8002,PROD,745.0,90015,,ADD,48.0,RLT_14
2024,10,50003,8002,PROD,745.0,90016,,ADD,22.0,RLT_14
2024,10,80073,8007,PROD,894.9999999999999,80013,8001.0,PROD,3258.0,RLT_14
2024,10,80073,8007,PROD,894.9999999999999,90017,,ADD,27.0,RLT_14
2024,10,80073,8007,PROD,894.9999999999999,90018,,ADD,11.0,RLT_14
2024,10,80013,8001,PROD,1686.0,80003,8000.0,PROD,1847.0,RLT_14
2024,10,80013,8001,PROD,1686.0,90019,,ADD,103.0,RLT_14
2024,10,80003,8000,PROD,1972.0,70003,,RM,2550.0,RLT_14
2024,10,80003,8000,PROD,1972.0,90020,,ADD,64.0,RLT_14
2024,11,10003,8002,FIN,1069.0,50003,8002.0,PROD,1069.0,RLT_14
2024,11,50003,8002,PROD,766.0,80073,8007.0,PROD,880.0,RLT_14
2024,11,50003,8002,PROD,766.0,90015,,ADD,49.0,RLT_14
2024,11,50003,8002,PROD,766.0,90016,,ADD,22.0,RLT_14
2024,11,80073,8007,PROD,816.0,80013,8001.0,PROD,3251.0,RLT_14
2024,11,80073,8007,PROD,816.0,90017,,ADD,32.0,RLT_14
2024,11,80073,8007,PROD,816.0,90018,,ADD,11.0,RLT_14
2024,11,80013,8001,PROD,1709.0,80003,8000.0,PROD,1871.0,RLT_14
2024,11,80013,8001,PROD,1709.0,90019,,ADD,100.00000000000001,RLT_14
2024,11,80003,8000,PROD,1887.0,70003,,RM,2766.0,RLT_14
2024,11,80003,8000,PROD,1887.0,90020,,ADD,76.0,RLT_14
2024,12,10003,8002,FIN,957.0,50003,8002.0,PROD,957.0,RLT_14
2024,12,50003,8002,PROD,820.0,80073,8007.0,PROD,998.0,RLT_14
2024,12,50003,8002,PROD,820.0,90015,,ADD,52.0,RLT_14
2024,12,50003,8002,PROD,820.0,90016,,ADD,19.0,RLT_14
2024,12,80073,8007,PROD,972.0,80013,8001.0,PROD,3635.0,RLT_14
2024,12,80073,8007,PROD,972.0,90017,,ADD,29.000000000000004,RLT_14
2024,12,80073,8007,PROD,972.0,90018,,ADD,10.0,RLT_14
2024,12,80013,8001,PROD,1956.0,80003,8000.0,PROD,1909.0,RLT_14
2024,12,80013,8001,PROD,1956.0,90019,,ADD,98.0,RLT_14
2024,12,80003,8000,PROD,1905.0,70003,,RM,2521.0,RLT_14
2024,12,80003,8000,PROD,1905.0,90020,,ADD,63.0,RLT_14
2024,1,10004,8002,FIN,1030.0,50004,8002.0,PROD,1030.0,RLT_14
2024,1,50004,8002,PROD,819.0,80074,8007.0,PROD,976.0,RLT_14
2024,1,50004,8002,PROD,819.0,90020,,ADD,54.0,RLT_14
2024,1,50004,8002,PROD,819.0,90021,,ADD,20.999999999999996,RLT_14
2024,1,80074,8007,PROD,963.0,80014,8001.0,PROD,3475.0,RLT_14
2024,1,80074,8007,PROD,963.0,90022,,ADD,28.0,RLT_14
2024,1,80074,8007,PROD,963.0,90023,,ADD,10.0,RLT_14
2024,1,80014,8001,PROD,1897.0,80004,8000.0,PROD,1688.0,RLT_14
2024,1,80014,8001,PROD,1897.0,90024,,ADD,97.0,RLT_14
2024,1,80004,8000,PROD,1803.0,70004,,RM,2522.0,RLT_14
2024,1,80004,8000,PROD,1803.0,90025,,ADD,66.0,RLT_14
2024,2,10004,8002,FIN,950.9999999999999,50004,8002.0,PROD,951.0,RLT_14
2024,2,50004,8002,PROD,768.0,80074,8007.0,PROD,783.0000000000001,RLT_14
2024,2,50004,8002,PROD,768.0,90020,,ADD,51.0,RLT_14
2024,2,50004,8002,PROD,768.0,90021,,ADD,22.0,RLT_14
2024,2,80074,8007,PROD,860.0,80014,8001.0,PROD,4022.0,RLT_14
2024,2,80074,8007,PROD,860.0,90022,,ADD,32.0,RLT_14
2024,2,80074,8007,PROD,860.0,90023,,ADD,10.0,RLT_14
2024,2,80014,8001,PROD,1926.0,80004,8000.0,PROD,1985.0,RLT_14
2024,2,80014,8001,PROD,1926.0,90024,,ADD,106.0,RLT_14
2024,2,80004,8000,PROD,1867.9999999999998,70004,,RM,2561.0,RLT_14
2024,2,80004,8000,PROD,1867.9999999999998,90025,,ADD,70.0,RLT_14
2024,3,10004,8002,FIN,1089.0,50004,8002.0,PROD,1089.0,RLT_14
2024,3,50004,8002,PROD,844.0,80074,8007.0,PROD,941.0,RLT_14
2024,3,50004,8002,PROD,844.0,90020,,ADD,55.0,RLT_14
2024,3,50004,8002,PROD,844.0,90021,,ADD,22.0,RLT_14
2024,3,80074,8007,PROD,905.0,80014,8001.0,PROD,3641.0,RLT_14
2024,3,80074,8007,PROD,905.0,90022,,ADD,32.0,RLT_14
2024,3,80074,8007,PROD,905.0,90023,,ADD,10.0,RLT_14
2024,3,80014,8001,PROD,1820.0,80004,8000.0,PROD,1885.0,RLT_14
2024,3,80014,8001,PROD,1820.0,90024,,ADD,108.0,RLT_14
2024,3,80004,8000,PROD,1923.0000000000002,70004,,RM,2328.0,RLT_14
2024,3,80004,8000,PROD,1923.0000000000002,90025,,ADD,68.0,RLT_14
2024,4,10004,8002,FIN,1047.0,50004,8002.0,PROD,1047.0,RLT_14
2024,4,50004,8002,PROD,780.0,80074,8007.0,PROD,878.0000000000001,RLT_14
2024,4,50004,8002,PROD,780.0,90020,,ADD,51.0,RLT_14
2024,4,50004,8002,PROD,780.0,90021,,ADD,22.0,RLT_14
2024,4,80074,8007,PROD,842.0,80014,8001.0,PROD,3353.0,RLT_14
2024,4,80074,8007,PROD,842.0,90022,,ADD,30.0,RLT_14
2024,4,80074,8007,PROD,842.0,90023,,ADD,10.0,RLT_14
2024,4,80014,8001,PROD,1749.0,80004,8000.0,PROD,1940.0,RLT_14
2024,4,80014,8001,PROD,1749.0,90024,,ADD,102.0,RLT_14
2024,4,80004,8000,PROD,2049.0,70004,,RM,2643.9999999999995,RLT_14
2024,4,80004,8000,PROD,2049.0,90025,,ADD,76.0,RLT_14
2024,5,10004,8002,FIN,1006.0000000000001,50004,8002.0,PROD,1006.0,RLT_14
2024,5,50004,8002,PROD,830.0,80074,8007.0,PROD,883.0,RLT_14
2024,5,50004,8002,PROD,830.0,90020,,ADD,47.0,RLT_14
2024,5,50004,8002,PROD,830.0,90021,,ADD,19.0,RLT_14
2024,5,80074,8007,PROD,964.0,80014,8001.0,PROD,3545.0,RLT_14
2024,5,80074,8007,PROD,964.0,90022,,ADD,32.0,RLT_14
2024,5,80074,8007,PROD,964.0,90023,,ADD,9.0,RLT_14
2024,5,80014,8001,PROD,1667.0000000000002,80004,8000.0,PROD,2058.0,RLT_14
2024,5,80014,8001,PROD,1667.0000000000002,90024,,ADD,106.99999999999999,RLT_14
2024,5,80004,8000,PROD,2142.0,70004,,RM,2926.0,RLT_14
2024,5,80004,8000,PROD,2142.0,90025,,ADD,64.0,RLT_14
2024,6,10004,8002,FIN,922.0,50004,8002.0,PROD,922.0,RLT_14
2024,6,50004,8002,PROD,746.0,80074,8007.0,PROD,855.9999999999999,RLT_14
2024,6,50004,8002,PROD,746.0,90020,,ADD,49.0,RLT_14
2024,6,50004,8002,PROD,746.0,90021,,ADD,20.999999999999996,RLT_14
2024,6,80074,8007,PROD,880.0,80014,8001.0,PROD,3451.0,RLT_14
2024,6,80074,8007,PROD,880.0,90022,,ADD,29.000000000000004,RLT_14
2024,6,80074,8007,PROD,880.0,90023,,ADD,10.0,RLT_14
2024,6,80014,8001,PROD,1783.0,80004,8000.0,PROD,1895.0,RLT_14
2024,6,80014,8001,PROD,1783.0,90024,,ADD,90.0,RLT_14
2024,6,80004,8000,PROD,1852.0,70004,,RM,2384.0,RLT_14
2024,6,80004,8000,PROD,1852.0,90025,,ADD,71.0,RLT_14
2024,7,10004,8002,FIN,1037.0,50004,8002.0,PROD,1037.0,RLT_14
2024,7,50004,8002,PROD,859.0,80074,8007.0,PROD,855.9999999999999,RLT_14
2024,7,50004,8002,PROD,859.0,90020,,ADD,47.0,RLT_14
2024,7,50004,8002,PROD,859.0,90021,,ADD,20.0,RLT_14
2024,7,80074,8007,PROD,814.0,80014,8001.0,PROD,3696.0,RLT_14
2024,7,80074,8007,PROD,814.0,90022,,ADD,33.0,RLT_14
2024,7,80074,8007,PROD,814.0,90023,,ADD,11.0,RLT_14
2024,7,80014,8001,PROD,1821.0,80004,8000.0,PROD,1884.0,RLT_14
2024,7,80014,8001,PROD,1821.0,90024,,ADD,96.0,RLT_14
2024,7,80004,8000,PROD,2083.0,70004,,RM,2153.0,RLT_14
2024,7,80004,8000,PROD,2083.0,90025,,ADD,66.0,RLT_14
2024,8,10004,8002,FIN,994.0,50004,8002.0,PROD,994.0,RLT_14
2024,8,50004,8002,PROD,751.0,80074,8007.0,PROD,953.0,RLT_14
2024,8,50004,8002,PROD,751.0,90020,,ADD,55.0,RLT_14
2024,8,50004,8002,PROD,751.0,90021,,ADD,20.999999999999996,RLT_14
2024,8,80074,8007,PROD,986.0,80014,8001.0,PROD,3886.0,RLT_14
2024,8,80074,8007,PROD,986.0,90022,,ADD,31.0,RLT_14
2024,8,80074,8007,PROD,986.0,90023,,ADD,10.0,RLT_14
2024,8,80014,8001,PROD,1828.0,80004,8000.0,PROD,2323.0,RLT_14
2024,8,80014,8001,PROD,1828.0,90024,,ADD,106.99999999999999,RLT_14
2024,8,80004,8000,PROD,2041.0,70004,,RM,2420.0,RLT_14
2024,8,80004,8000,PROD,2041.0,90025,,ADD,68.0,RLT_14
2024,9,10004,8002,FIN,1040.0,50004,8002.0,PROD,1040.0,RLT_14
2024,9,50004,8002,PROD,720.0,80074,8007.0,PROD,982.0,RLT_14
2024,9,50004,8002,PROD,720.0,90020,,ADD,52.0,RLT_14
2024,9,50004,8002,PROD,720.0,90021,,ADD,20.999999999999996,RLT_14
2024,9,80074,8007,PROD,977.0,80014,8001.0,PROD,3226.0,RLT_14
2024,9,80074,8007,PROD,977.0,90022,,ADD,29.000000000000004,RLT_14
2024,9,80074,8007,PROD,977.0,90023,,ADD,9.0,RLT_14
2024,9,80014,8001,PROD,1678.9999999999998,80004,8000.0,PROD,1910.0,RLT_14
2024,9,80014,8001,PROD,1678.9999999999998,90024,,ADD,90.99999999999999,RLT_14
2024,9,80004,8000,PROD,1923.9999999999998,70004,,RM,2434.0,RLT_14
2024,9,80004,8000,PROD,1923.9999999999998,90025,,ADD,71.0,RLT_14
2024,10,10004,8002,FIN,949.0,50004,8002.0,PROD,949.0,RLT_14
2024,10,50004,8002,PROD,745.0,80074,8007.0,PROD,820.0,RLT_14
2024,10,50004,8002,PROD,745.0,90020,,ADD,48.0,RLT_14
2024,10,50004,8002,PROD,745.0,90021,,ADD,22.0,RLT_14
2024,10,80074,8007,PROD,894.9999999999999,80014,8001.0,PROD,3258.0,RLT_14
2024,10,80074,8007,PROD,894.9999999999999,90022,,ADD,27.0,RLT_14
2024,10,80074,8007,PROD,894.9999999999999,90023,,ADD,11.0,RLT_14
2024,10,80014,8001,PROD,1686.0,80004,8000.0,PROD,1847.0,RLT_14
2024,10,80014,8001,PROD,1686.0,90024,,ADD,103.0,RLT_14
2024,10,80004,8000,PROD,1972.0,70004,,RM,2550.0,RLT_14
2024,10,80004,8000,PROD,1972.0,90025,,ADD,64.0,RLT_14
2024,11,10004,8002,FIN,1069.0,50004,8002.0,PROD,1069.0,RLT_14
2024,11,50004,8002,PROD,766.0,80074,8007.0,PROD,880.0,RLT_14
2024,11,50004,8002,PROD,766.0,90020,,ADD,49.0,RLT_14
2024,11,50004,8002,PROD,766.0,90021,,ADD,22.0,RLT_14
2024,11,80074,8007,PROD,816.0,80014,8001.0,PROD,3251.0,RLT_14
2024,11,80074,8007,PROD,816.0,90022,,ADD,32.0,RLT_14
2024,11,80074,8007,PROD,816.0,90023,,ADD,11.0,RLT_14
2024,11,80014,8001,PROD,1709.0,80004,8000.0,PROD,1871.0,RLT_14
2024,11,80014,8001,PROD,1709.0,90024,,ADD,100.00000000000001,RLT_14
2024,11,80004,8000,PROD,1887.0,70004,,RM,2766.0,RLT_14
2024,11,80004,8000,PROD,1887.0,90025,,ADD,76.0,RLT_14
2024,12,10004,8002,FIN,957.0,50004,8002.0,PROD,957.0,RLT_14
2024,12,50004,8002,PROD,820.0,80074,8007.0,PROD,998.0,RLT_14
2024,12,50004,8002,PROD,820.0,90020,,ADD,52.0,RLT_14
2024,12,50004,8002,PROD,820.0,90021,,ADD,19.0,RLT_14
2024,12,80074,8007,PROD,972.0,80014,8001.0,PROD,3635.0,RLT_14
2024,12,80074,8007,PROD,972.0,90022,,ADD,29.000000000000004,RLT_14
2024,12,80074,8007,PROD,972.0,90023,,ADD,10.0,RLT_14
2024,12,80014,8001,PROD,1956.0,80004,8000.0,PROD,1909.0,RLT_14
2024,12,80014,8001,PROD,1956.0,90024,,ADD,98.0,RLT_14
2024,12,80004,8000,PROD,1905.0,70004,,RM,2521.0,RLT_14
2024,12,80004,8000,PROD,1905.0,90025,,ADD,63.0,RLT_14
2024,1,10005,8002,FIN,975.0,50005,8002.0,PROD,975.0,RLT_14
2024,1,50005,8002,PROD,738.9999999999999,80075,8007.0,PROD,808.0,RLT_14
2024,1,50005,8002,PROD,738.9999999999999,90025,,ADD,49.0,RLT_14
2024,1,50005,8002,PROD,738.9999999999999,90026,,ADD,20.999999999999996,RLT_14
2024,1,80075,8007,PROD,897.0,80015,8001.0,PROD,3541.0,RLT_14
2024,1,80075,8007,PROD,897.0,90027,,ADD,29.000000000000004,RLT_14
2024,1,80075,8007,PROD,897.0,90028,,ADD,11.0,RLT_14
2024,1,80015,8001,PROD,1670.0,80005,8000.0,PROD,1909.0,RLT_14
2024,1,80015,8001,PROD,1670.0,90029,,ADD,96.0,RLT_14
2024,1,80005,8000,PROD,1904.0,70005,,RM,2803.0,RLT_14
2024,1,80005,8000,PROD,1904.0,90030,,ADD,72.0,RLT_14
2024,2,10005,8002,FIN,1050.0,50005,8002.0,PROD,1050.0,RLT_14
2024,2,50005,8002,PROD,811.0000000000001,80075,8007.0,PROD,879.0,RLT_14
2024,2,50005,8002,PROD,811.0000000000001,90025,,ADD,48.0,RLT_14
2024,2,50005,8002,PROD,811.0000000000001,90026,,ADD,20.0,RLT_14
2024,2,80075,8007,PROD,875.0,80015,8001.0,PROD,3021.0000000000005,RLT_14
2024,2,80075,8007,PROD,875.0,90027,,ADD,29.000000000000004,RLT_14
2024,2,80075,8007,PROD,875.0,90028,,ADD,11.0,RLT_14
2024,2,80015,8001,PROD,1635.0,80005,8000.0,PROD,2130.0,RLT_14
2024,2,80015,8001,PROD,1635.0,90029,,ADD,106.99999999999999,RLT_14
2024,2,80005,8000,PROD,2144.0,70005,,RM,2538.0,RLT_14
2024,2,80005,8000,PROD,2144.0,90030,,ADD,73.0,RLT_14
2024,3,10005,8002,FIN,955.0,50005,8002.0,PROD,955.0,RLT_14
2024,3,50005,8002,PROD,795.0,80075,8007.0,PROD,818.0,RLT_14
2024,3,50005,8002,PROD,795.0,90025,,ADD,46.0,RLT_14
2024,3,50005,8002,PROD,795.0,90026,,ADD,20.0,RLT_14
2024,3,80075,8007,PROD,894.0,80015,8001.0,PROD,3359.0,RLT_14
2024,3,80075,8007,PROD,894.0,90027,,ADD,33.0,RLT_14
2024,3,80075,8007,PROD,894.0,90028,,ADD,9.0,RLT_14
2024,3,80015,8001,PROD,1708.0,80005,8000.0,PROD,2035.0000000000002,RLT_14
2024,3,80015,8001,PROD,1708.0,90029,,ADD,90.99999999999999,RLT_14
2024,3,80005,8000,PROD,1854.0,70005,,RM,2677.0,RLT_14
2024,3,80005,8000,PROD,1854.0,90030,,ADD,68.0,RLT_14
2024,4,10005,8002,FIN,1070.0,50005,8002.0,PROD,1070.0,RLT_14
2024,4,50005,8002,PROD,805.0,80075,8007.0,PROD,927.0,RLT_14
2024,4,50005,8002,PROD,805.0,90025,,ADD,53.0,RLT_14
2024,4,50005,8002,PROD,805.0,90026,,ADD,20.0,RLT_14
2024,4,80075,8007,PROD,848.0,80015,8001.0,PROD,3446.9999999999995,RLT_14
2024,4,80075,8007,PROD,848.0,90027,,ADD,30.0,RLT_14
2024,4,80075,8007,PROD,848.0,90028,,ADD,10.0,RLT_14
2024,4,80015,8001,PROD,1862.0,80005,8000.0,PROD,2031.0,RLT_14
2024,4,80015,8001,PROD,1862.0,90029,,ADD,110.0,RLT_14
2024,4,80005,8000,PROD,2075.0,70005,,RM,2616.0,RLT_14
2024,4,80005,8000,PROD,2075.0,90030,,ADD,65.0,RLT_14
2024,5,10005,8002,FIN,954.0,50005,8002.0,PROD,954.0,RLT_14
2024,5,50005,8002,PROD,757.0,80075,8007.0,PROD,881.0,RLT_14
2024,5,50005,8002,PROD,757.0,90025,,ADD,50.00000000000001,RLT_14
2024,5,50005,8002,PROD,757.0,90026,,ADD,19.0,RLT_14
2024,5,80075,8007,PROD,857.0,80015,8001.0,PROD,3270.0,RLT_14
2024,5,80075,8007,PROD,857.0,90027,,ADD,32.0,RLT_14
2024,5,80075,8007,PROD,857.0,90028,,ADD,11.0,RLT_14
2024,5,80015,8001,PROD,1630.0,80005,8000.0,PROD,2105.0,RLT_14
2024,5,80015,8001,PROD,1630.0,90029,,ADD,109.0,RLT_14
2024,5,80005,8000,PROD,2166.0,70005,,RM,2638.0,RLT_14
2024,5,80005,8000,PROD,2166.0,90030,,ADD,74.0,RLT_14
2024,6,10005,8002,FIN,901.0,50005,8002.0,PROD,901.0,RLT_14
2024,6,50005,8002,PROD,764.0,80075,8007.0,PROD,984.0000000000001,RLT_14
2024,6,50005,8002,PROD,764.0,90025,,ADD,45.0,RLT_14
2024,6,50005,8002,PROD,764.0,90026,,ADD,20.0,RLT_14
2024,6,80075,8007,PROD,988.0,80015,8001.0,PROD,3802.9999999999995,RLT_14
2024,6,80075,8007,PROD,988.0,90027,,ADD,32.0,RLT_14
2024,6,80075,8007,PROD,988.0,90028,,ADD,11.0,RLT_14
2024,6,80015,8001,PROD,1772.0,80005,8000.0,PROD,2364.0,RLT_14
2024,6,80015,8001,PROD,1772.0,90029,,ADD,98.0,RLT_14
2024,6,80005,8000,PROD,2185.0,70005,,RM,2117.0,RLT_14
2024,6,80005,8000,PROD,2185.0,90030,,ADD,68.0,RLT_14
2024,7,10005,8002,FIN,1054.0,50005,8002.0,PROD,1054.0,RLT_14
2024,7,50005,8002,PROD,764.0,80075,8007.0,PROD,803.0,RLT_14
2024,7,50005,8002,PROD,764.0,90025,,ADD,49.0,RLT_14
2024,7,50005,8002,PROD,764.0,90026,,ADD,20.0,RLT_14
2024,7,80075,8007,PROD,870.0,80015,8001.0,PROD,3842.0,RLT_14
2024,7,80075,8007,PROD,870.0,90027,,ADD,32.0,RLT_14
2024,7,80075,8007,PROD,870.0,90028,,ADD,10.0,RLT_14
2024,7,80015,8001,PROD,1773.0,80005,8000.0,PROD,2033.0,RLT_14
2024,7,80015,8001,PROD,1773.0,90029,,ADD,94.0,RLT_14
2024,7,80005,8000,PROD,1944.0,70005,,RM,2641.0,RLT_14
2024,7,80005,8000,PROD,1944.0,90030,,ADD,75.0,RLT_14
2024,8,10005,8002,FIN,1044.0,50005,8002.0,PROD,1044.0,RLT_14
2024,8,50005,8002,PROD,747.0,80075,8007.0,PROD,942.0,RLT_14
2024,8,50005,8002,PROD,747.0,90025,,ADD,47.0,RLT_14
2024,8,50005,8002,PROD,747.0,90026,,ADD,19.0,RLT_14
2024,8,80075,8007,PROD,977.0,80015,8001.0,PROD,3835.0,RLT_14
2024,8,80075,8007,PROD,977.0,90027,,ADD,29.000000000000004,RLT_14
2024,8,80075,8007,PROD,977.0,90028,,ADD,10.0,RLT_14
2024,8,80015,8001,PROD,1922.0,80005,8000.0,PROD,1928.0,RLT_14
2024,8,80015,8001,PROD,1922.0,90029,,ADD,99.0,RLT_14
2024,8,80005,8000,PROD,1931.0,70005,,RM,2797.0,RLT_14
2024,8,80005,8000,PROD,1931.0,90030,,ADD,68.0,RLT_14
2024,9,10005,8002,FIN,941.0,50005,8002.0,PROD,941.0,RLT_14
2024,9,50005,8002,PROD,861.0000000000001,80075,8007.0,PROD,1018.0,RLT_14
2024,9,50005,8002,PROD,861.0000000000001,90025,,ADD,47.0,RLT_14
2024,9,50005,8002,PROD,861.0000000000001,90026,,ADD,20.999999999999996,RLT_14
2024,9,80075,8007,PROD,958.0,80015,8001.0,PROD,3219.0,RLT_14
2024,9,80075,8007,PROD,958.0,90027,,ADD,32.0,RLT_14
2024,9,80075,8007,PROD,958.0,90028,,ADD,10.0,RLT_14
2024,9,80015,8001,PROD,1707.0,80005,8000.0,PROD,2108.0,RLT_14
2024,9,80015,8001,PROD,1707.0,90029,,ADD,101.0,RLT_14
2024,9,80005,8000,PROD,1950.0,70005,,RM,2429.0,RLT_14
2024,9,80005,8000,PROD,1950.0,90030,,ADD,66.0,RLT_14
2024,10,10005,8002,FIN,1049.0,50005,8002.0,PROD,1049.0,RLT_14
2024,10,50005,8002,PROD,810.0,80075,8007.0,PROD,876.0,RLT_14
2024,10,50005,8002,PROD,810.0,90025,,ADD,51.0,RLT_14
2024,10,50005,8002,PROD,810.0,90026,,ADD,19.0,RLT_14
2024,10,80075,8007,PROD,811.0000000000001,80015,8001.0,PROD,3890.0000000000005,RLT_14
2024,10,80075,8007,PROD,811.0000000000001,90027,,ADD,30.0,RLT_14
2024,10,80075,8007,PROD,811.0000000000001,90028,,ADD,10.0,RLT_14
2024,10,80015,8001,PROD,1895.0,80005,8000.0,PROD,2103.0,RLT_14
2024,10,80015,8001,PROD,1895.0,90029,,ADD,106.99999999999999,RLT_14
2024,10,80005,8000,PROD,2045.0,70005,,RM,2287.0,RLT_14
2024,10,80005,8000,PROD,2045.0,90030,,ADD,67.0,RLT_14
2024,11,10005,8002,FIN,949.0,50005,8002.0,PROD,949.0,RLT_14
2024,11,50005,8002,PROD,840.0,80075,8007.0,PROD,966.0,RLT_14
2024,11,50005,8002,PROD,840.0,90025,,ADD,49.0,RLT_14
2024,11,50005,8002,PROD,840.0,90026,,ADD,20.0,RLT_14
2024,11,80075,8007,PROD,927.0,80015,8001.0,PROD,3601.0000000000005,RLT_14
2024,11,80075,8007,PROD,927.0,90027,,ADD,30.0,RLT_14
2024,11,80075,8007,PROD,927.0,90028,,ADD,10.0,RLT_14
2024,11,80015,8001,PROD,1945.9999999999998,80005,8000.0,PROD,1938.0,RLT_14
2024,11,80015,8001,PROD,1945.9999999999998,90029,,ADD,100.00000000000001,RLT_14
2024,11,80005,8000,PROD,1859.0,70005,,RM,2558.0,RLT_14
2024,11,80005,8000,PROD,1859.0,90030,,ADD,69.0,RLT_14
2024,12,10005,8002,FIN,1081.0,50005,8002.0,PROD,1081.0,RLT_14
2024,12,50005,8002,PROD,794.0,80075,8007.0,PROD,857.0,RLT_14
2024,12,50005,8002,PROD,794.0,90025,,ADD,51.0,RLT_14
2024,12,50005,8002,PROD,794.0,90026,,ADD,20.999999999999996,RLT_14
2024,12,80075,8007,PROD,849.0,80015,8001.0,PROD,3822.0,RLT_14
2024,12,80075,8007,PROD,849.0,90027,,ADD,27.0,RLT_14
2024,12,80075,8007,PROD,849.0,90028,,ADD,9.0,RLT_14
2024,12,80015,8001,PROD,1780.0,80005,8000.0,PROD,2046.0000000000002,RLT_14
2024,12,80015,8001,PROD,1780.0,90029,,ADD,102.0,RLT_14
2024,12,80005,8000,PROD,2181.0,70005,,RM,2523.0,RLT_14
2024,12,80005,8000,PROD,2181.0,90030,,ADD,65.0,RLT_14
2024,1,10006,8002,FIN,1032.0,50006,8002.0,PROD,1032.0,RLT_14
2024,1,50006,8002,PROD,790.0,80076,8007.0,PROD,928.0000000000001,RLT_14
2024,1,50006,8002,PROD,790.0,90030,,ADD,52.0,RLT_14
2024,1,50006,8002,PROD,790.0,90031,,ADD,18.0,RLT_14
2024,1,80076,8007,PROD,868.0,80016,8001.0,PROD,3471.0,RLT_14
2024,1,80076,8007,PROD,868.0,90032,,ADD,32.0,RLT_14
2024,1,80076,8007,PROD,868.0,90033,,ADD,9.0,RLT_14
2024,1,80016,8001,PROD,1825.0,80006,8000.0,PROD,2301.0,RLT_14
2024,1,80016,8001,PROD,1825.0,90034,,ADD,92.0,RLT_14
2024,1,80006,8000,PROD,2136.0,70006,,RM,2860.0,RLT_14
2024,1,80006,8000,PROD,2136.0,90035,,ADD,70.0,RLT_14
2024,2,10006,8002,FIN,1084.0,50006,8002.0,PROD,1084.0,RLT_14
2024,2,50006,8002,PROD,872.9999999999999,80076,8007.0,PROD,872.9999999999999,RLT_14
2024,2,50006,8002,PROD,872.9999999999999,90030,,ADD,52.0,RLT_14
2024,2,50006,8002,PROD,872.9999999999999,90031,,ADD,20.0,RLT_14
2024,2,80076,8007,PROD,815.0,80016,8001.0,PROD,3812.0,RLT_14
2024,2,80076,8007,PROD,815.0,90032,,ADD,29.000000000000004,RLT_14
2024,2,80076,8007,PROD,815.0,90033,,ADD,11.0,RLT_14
2024,2,80016,8001,PROD,1820.0,80006,8000.0,PROD,1828.0,RLT_14
2024,2,80016,8001,PROD,1820.0,90034,,ADD,99.0,RLT_14
2024,2,80006,8000,PROD,1825.0,70006,,RM,2175.0,RLT_14
2024,2,80006,8000,PROD,1825.0,90035,,ADD,74.0,RLT_14
2024,3,10006,8002,FIN,1005.0,50006,8002.0,PROD,1005.0,RLT_14
2024,3,50006,8002,PROD,864.0,80076,8007.0,PROD,865.0,RLT_14
2024,3,50006,8002,PROD,864.0,90030,,ADD,49.0,RLT_14
2024,3,50006,8002,PROD,864.0,90031,,ADD,20.0,RLT_14
2024,3,80076,8007,PROD,896.0,80016,8001.0,PROD,3058.0,RLT_14
2024,3,80076,8007,PROD,896.0,90032,,ADD,28.0,RLT_14
2024,3,80076,8007,PROD,896.0,90033,,ADD,10.0,RLT_14
2024,3,80016,8001,PROD,1647.0,80006,8000.0,PROD,1826.0,RLT_14
2024,3,80016,8001,PROD,1647.0,90034,,ADD,101.0,RLT_14
2024,3,80006,8000,PROD,1945.0000000000002,70006,,RM,2467.0,RLT_14
2024,3,80006,8000,PROD,1945.0000000000002,90035,,ADD,67.0,RLT_14
2024,4,10006,8002,FIN,984.0000000000001,50006,8002.0,PROD,984.0,RLT_14
2024,4,50006,8002,PROD,774.0,80076,8007.0,PROD,917.0000000000001,RLT_14
2024,4,50006,8002,PROD,774.0,90030,,ADD,46.0,RLT_14
2024,4,50006,8002,PROD,774.0,90031,,ADD,19.0,RLT_14
2024,4,80076,8007,PROD,859.0,80016,8001.0,PROD,3312.9999999999995,RLT_14
2024,4,80076,8007,PROD,859.0,90032,,ADD,30.0,RLT_14
2024,4,80076,8007,PROD,859.0,90033,,ADD,9.0,RLT_14
2024,4,80016,8001,PROD,1755.0,80006,8000.0,PROD,2106.0,RLT_14
2024,4,80016,8001,PROD,1755.0,90034,,ADD,106.99999999999999,RLT_14
2024,4,80006,8000,PROD,2023.0,70006,,RM,2525.0,RLT_14
2024,4,80006,8000,PROD,2023.0,90035,,ADD,76.0,RLT_14
2024,5,10006,8002,FIN,1005.0,50006,8002.0,PROD,1005.0,RLT_14
2024,5,50006,8002,PROD,851.0,80076,8007.0,PROD,970.0,RLT_14
2024,5,50006,8002,PROD,851.0,90030,,ADD,52.0,RLT_14
2024,5,50006,8002,PROD,851.0,90031,,ADD,19.0,RLT_14
2024,5,80076,8007,PROD,924.0,80016,8001.0,PROD,3064.0,RLT_14
2024,5,80076,8007,PROD,924.0,90032,,ADD,33.0,RLT_14
2024,5,80076,8007,PROD,924.0,90033,,ADD,11.0,RLT_14
2024,5,80016,8001,PROD,1665.0,80006,8000.0,PROD,2127.0,RLT_14
2024,5,80016,8001,PROD,1665.0,90034,,ADD,104.0,RLT_14
2024,5,80006,8000,PROD,2063.0,70006,,RM,2372.0,RLT_14
2024,5,80006,8000,PROD,2063.0,90035,,ADD,73.0,RLT_14
2024,6,10006,8002,FIN,935.0,50006,8002.0,PROD,935.0,RLT_14
2024,6,50006,8002,PROD,758.0,80076,8007.0,PROD,1059.0,RLT_14
2024,6,50006,8002,PROD,758.0,90030,,ADD,54.0,RLT_14
2024,6,50006,8002,PROD,758.0,90031,,ADD,20.0,RLT_14
2024,6,80076,8007,PROD,969.0,80016,8001.0,PROD,4276.0,RLT_14
2024,6,80076,8007,PROD,969.0,90032,,ADD,28.0,RLT_14
2024,6,80076,8007,PROD,969.0,90033,,ADD,10.0,RLT_14
2024,6,80016,8001,PROD,1979.0000000000002,80006,8000.0,PROD,1944.0,RLT_14
2024,6,80016,8001,PROD,1979.0000000000002,90034,,ADD,109.0,RLT_14
2024,6,80006,8000,PROD,1911.0,70006,,RM,2787.0,RLT_14
2024,6,80006,8000,PROD,1911.0,90035,,ADD,72.0,RLT_14
2024,7,10006,8002,FIN,972.9999999999999,50006,8002.0,PROD,973.0,RLT_14
2024,7,50006,8002,PROD,798.0,80076,8007.0,PROD,867.0000000000001,RLT_14
2024,7,50006,8002,PROD,798.0,90030,,ADD,51.0,RLT_14
2024,7,50006,8002,PROD,798.0,90031,,ADD,20.0,RLT_14
2024,7,80076,8007,PROD,855.0,80016,8001.0,PROD,3921.0,RLT_14
2024,7,80076,8007,PROD,855.0,90032,,ADD,29.000000000000004,RLT_14
2024,7,80076,8007,PROD,855.0,90033,,ADD,9.0,RLT_14
2024,7,80016,8001,PROD,1964.0,80006,8000.0,PROD,1943.0,RLT_14
2024,7,80016,8001,PROD,1964.0,90034,,ADD,94.0,RLT_14
2024,7,80006,8000,PROD,1865.0,70006,,RM,2936.0,RLT_14
2024,7,80006,8000,PROD,1865.0,90035,,ADD,73.0,RLT_14
2024,8,10006,8002,FIN,1034.0,50006,8002.0,PROD,1034.0,RLT_14
2024,8,50006,8002,PROD,844.0,80076,8007.0,PROD,868.0,RLT_14
2024,8,50006,8002,PROD,844.0,90030,,ADD,46.0,RLT_14
2024,8,50006,8002,PROD,844.0,90031,,ADD,22.0,RLT_14
2024,8,80076,8007,PROD,830.0,80016,8001.0,PROD,3186.0,RLT_14
2024,8,80076,8007,PROD,830.0,90032,,ADD,29.000000000000004,RLT_14
2024,8,80076,8007,PROD,830.0,90033,,ADD,10.0,RLT_14
2024,8,80016,8001,PROD,1725.0,80006,8000.0,PROD,1904.0,RLT_14
2024,8,80016,8001,PROD,1725.0,90034,,ADD,100.00000000000001,RLT_14
2024,8,80006,8000,PROD,1941.0,70006,,RM,2655.0,RLT_14
2024,8,80006,8000,PROD,1941.0,90035,,ADD,64.0,RLT_14
2024,9,10006,8002,FIN,1040.0,50006,8002.0,PROD,1040.0,RLT_14
2024,9,50006,8002,PROD,720.0,80076,8007.0,PROD,982.0,RLT_14
2024,9,50006,8002,PROD,720.0,90030,,ADD,52.0,RLT_14
2024,9,50006,8002,PROD,720.0,90031,,ADD,20.999999999999996,RLT_14
2024,9,80076,8007,PROD,977.0,80016,8001.0,PROD,3226.0,RLT_14
2024,9,80076,8007,PROD,977.0,90032,,ADD,29.000000000000004,RLT_14
2024,9,80076,8007,PROD,977.0,90033,,ADD,9.0,RLT_14
2024,9,80016,8001,PROD,1678.9999999999998,80006,8000.0,PROD,1910.0,RLT_14
2024,9,80016,8001,PROD,1678.9999999999998,90034,,ADD,90.99999999999999,RLT_14
2024,9,80006,8000,PROD,1923.9999999999998,70006,,RM,2434.0,RLT_14
2024,9,80006,8000,PROD,1923.9999999999998,90035,,ADD,71.0,RLT_14
2024,10,10006,8002,FIN,949.0,50006,8002.0,PROD,949.0,RLT_14
2024,10,50006,8002,PROD,745.0,80076,8007.0,PROD,820.0,RLT_14
2024,10,50006,8002,PROD,745.0,90030,,ADD,48.0,RLT_14
2024,10,50006,8002,PROD,745.0,90031,,ADD,22.0,RLT_14
2024,10,80076,8007,PROD,894.9999999999999,80016,8001.0,PROD,3258.0,RLT_14
2024,10,80076,8007,PROD,894.9999999999999,90032,,ADD,27.0,RLT_14
2024,10,80076,8007,PROD,894.9999999999999,90033,,ADD,11.0,RLT_14
2024,10,80016,8001,PROD,1686.0,80006,8000.0,PROD,1847.0,RLT_14
2024,10,80016,8001,PROD,1686.0,90034,,ADD,103.0,RLT_14
2024,10,80006,8000,PROD,1972.0,70006,,RM,2550.0,RLT_14
2024,10,80006,8000,PROD,1972.0,90035,,ADD,64.0,RLT_14
2024,11,10006,8002,FIN,1069.0,50006,8002.0,PROD,1069.0,RLT_14
2024,11,50006,8002,PROD,766.0,80076,8007.0,PROD,880.0,RLT_14
2024,11,50006,8002,PROD,766.0,90030,,ADD,49.0,RLT_14
2024,11,50006,8002,PROD,766.0,90031,,ADD,22.0,RLT_14
2024,11,80076,8007,PROD,816.0,80016,8001.0,PROD,3251.0,RLT_14
2024,11,80076,8007,PROD,816.0,90032,,ADD,32.0,RLT_14
2024,11,80076,8007,PROD,816.0,90033,,ADD,11.0,RLT_14
2024,11,80016,8001,PROD,1709.0,80006,8000.0,PROD,1871.0,RLT_14
2024,11,80016,8001,PROD,1709.0,90034,,ADD,100.00000000000001,RLT_14
2024,11,80006,8000,PROD,1887.0,70006,,RM,2766.0,RLT_14
2024,11,80006,8000,PROD,1887.0,90035,,ADD,76.0,RLT_14
2024,12,10006,8002,FIN,957.0,50006,8002.0,PROD,957.0,RLT_14
2024,12,50006,8002,PROD,820.0,80076,8007.0,PROD,998.0,RLT_14
2024,12,50006,8002,PROD,820.0,90030,,ADD,52.0,RLT_14
2024,12,50006,8002,PROD,820.0,90031,,ADD,19.0,RLT_14
2024,12,80076,8007,PROD,972.0,80016,8001.0,PROD,3635.0,RLT_14
2024,12,80076,8007,PROD,972.0,90032,,ADD,29.000000000000004,RLT_14
2024,12,80076,8007,PROD,972.0,90033,,ADD,10.0,RLT_14
2024,12,80016,8001,PROD,1956.0,80006,8000.0,PROD,1909.0,RLT_14
2024,12,80016,8001,PROD,1956.0,90034,,ADD,98.0,RLT_14
2024,12,80006,8000,PROD,1905.0,70006,,RM,2521.0,RLT_14
2024,12,80006,8000,PROD,1905.0,90035,,ADD,63.0,RLT_14
2024,1,10007,8002,FIN,975.0,50007,8002.0,PROD,975.0,RLT_16
2024,1,50007,8002,PROD,738.9999999999999,80077,8007.0,PROD,808.0,RLT_16
2024,1,50007,8002,PROD,738.9999999999999,90035,,ADD,49.0,RLT_16
2024,1,50007,8002,PROD,738.9999999999999,90036,,ADD,20.999999999999996,RLT_16
2024,1,80077,8007,PROD,897.0,80017,8001.0,PROD,3541.0,RLT_16
2024,1,80077,8007,PROD,897.0,90037,,ADD,29.000000000000004,RLT_16
2024,1,80077,8007,PROD,897.0,90038,,ADD,11.0,RLT_16
2024,1,80017,8001,PROD,1670.0,80007,8000.0,PROD,1909.0,RLT_16
2024,1,80017,8001,PROD,1670.0,90039,,ADD,96.0,RLT_16
2024,1,80007,8000,PROD,1904.0,70007,,RM,2803.0,RLT_16
2024,1,80007,8000,PROD,1904.0,90040,,ADD,72.0,RLT_16
2024,2,10007,8002,FIN,1050.0,50007,8002.0,PROD,1050.0,RLT_16
2024,2,50007,8002,PROD,811.0000000000001,80077,8007.0,PROD,879.0,RLT_16
2024,2,50007,8002,PROD,811.0000000000001,90035,,ADD,48.0,RLT_16
2024,2,50007,8002,PROD,811.0000000000001,90036,,ADD,20.0,RLT_16
2024,2,80077,8007,PROD,875.0,80017,8001.0,PROD,3021.0000000000005,RLT_16
2024,2,80077,8007,PROD,875.0,90037,,ADD,29.000000000000004,RLT_16
2024,2,80077,8007,PROD,875.0,90038,,ADD,11.0,RLT_16
2024,2,80017,8001,PROD,1635.0,80007,8000.0,PROD,2130.0,RLT_16
2024,2,80017,8001,PROD,1635.0,90039,,ADD,106.99999999999999,RLT_16
2024,2,80007,8000,PROD,2144.0,70007,,RM,2538.0,RLT_16
2024,2,80007,8000,PROD,2144.0,90040,,ADD,73.0,RLT_16
2024,3,10007,8002,FIN,955.0,50007,8002.0,PROD,955.0,RLT_16
2024,3,50007,8002,PROD,795.0,80077,8007.0,PROD,818.0,RLT_16
2024,3,50007,8002,PROD,795.0,90035,,ADD,46.0,RLT_16
2024,3,50007,8002,PROD,795.0,90036,,ADD,20.0,RLT_16
2024,3,80077,8007,PROD,894.0,80017,8001.0,PROD,3359.0,RLT_16
2024,3,80077,8007,PROD,894.0,90037,,ADD,33.0,RLT_16
2024,3,80077,8007,PROD,894.0,90038,,ADD,9.0,RLT_16
2024,3,80017,8001,PROD,1708.0,80007,8000.0,PROD,2035.0000000000002,RLT_16
2024,3,80017,8001,PROD,1708.0,90039,,ADD,90.99999999999999,RLT_16
2024,3,80007,8000,PROD,1854.0,70007,,RM,2677.0,RLT_16
2024,3,80007,8000,PROD,1854.0,90040,,ADD,68.0,RLT_16
2024,4,10007,8002,FIN,1070.0,50007,8002.0,PROD,1070.0,RLT_16
2024,4,50007,8002,PROD,805.0,80077,8007.0,PROD,927.0,RLT_16
2024,4,50007,8002,PROD,805.0,90035,,ADD,53.0,RLT_16
2024,4,50007,8002,PROD,805.0,90036,,ADD,20.0,RLT_16
2024,4,80077,8007,PROD,848.0,80017,8001.0,PROD,3446.9999999999995,RLT_16
2024,4,80077,8007,PROD,848.0,90037,,ADD,30.0,RLT_16
2024,4,80077,8007,PROD,848.0,90038,,ADD,10.0,RLT_16
2024,4,80017,8001,PROD,1862.0,80007,8000.0,PROD,2031.0,RLT_16
2024,4,80017,8001,PROD,1862.0,90039,,ADD,110.0,RLT_16
2024,4,80007,8000,PROD,2075.0,70007,,RM,2616.0,RLT_16
2024,4,80007,8000,PROD,2075.0,90040,,ADD,65.0,RLT_16
2024,5,10007,8002,FIN,954.0,50007,8002.0,PROD,954.0,RLT_16
2024,5,50007,8002,PROD,757.0,80077,8007.0,PROD,881.0,RLT_16
2024,5,50007,8002,PROD,757.0,90035,,ADD,50.00000000000001,RLT_16
2024,5,50007,8002,PROD,757.0,90036,,ADD,19.0,RLT_16
2024,5,80077,8007,PROD,857.0,80017,8001.0,PROD,3270.0,RLT_16
2024,5,80077,8007,PROD,857.0,90037,,ADD,32.0,RLT_16
2024,5,80077,8007,PROD,857.0,90038,,ADD,11.0,RLT_16
2024,5,80017,8001,PROD,1630.0,80007,8000.0,PROD,2105.0,RLT_16
2024,5,80017,8001,PROD,1630.0,90039,,ADD,109.0,RLT_16
2024,5,80007,8000,PROD,2166.0,70007,,RM,2638.0,RLT_16
2024,5,80007,8000,PROD,2166.0,90040,,ADD,74.0,RLT_16
2024,6,10007,8002,FIN,901.0,50007,8002.0,PROD,901.0,RLT_16
2024,6,50007,8002,PROD,764.0,80077,8007.0,PROD,984.0000000000001,RLT_16
2024,6,50007,8002,PROD,764.0,90035,,ADD,45.0,RLT_16
2024,6,50007,8002,PROD,764.0,90036,,ADD,20.0,RLT_16
2024,6,80077,8007,PROD,988.0,80017,8001.0,PROD,3802.9999999999995,RLT_16
2024,6,80077,8007,PROD,988.0,90037,,ADD,32.0,RLT_16
2024,6,80077,8007,PROD,988.0,90038,,ADD,11.0,RLT_16
2024,6,80017,8001,PROD,1772.0,80007,8000.0,PROD,2364.0,RLT_16
2024,6,80017,8001,PROD,1772.0,90039,,ADD,98.0,RLT_16
2024,6,80007,8000,PROD,2185.0,70007,,RM,2117.0,RLT_16
2024,6,80007,8000,PROD,2185.0,90040,,ADD,68.0,RLT_16
2024,7,10007,8002,FIN,1054.0,50007,8002.0,PROD,1054.0,RLT_16
2024,7,50007,8002,PROD,764.0,80077,8007.0,PROD,803.0,RLT_16
2024,7,50007,8002,PROD,764.0,90035,,ADD,49.0,RLT_16
2024,7,50007,8002,PROD,764.0,90036,,ADD,20.0,RLT_16
2024,7,80077,8007,PROD,870.0,80017,8001.0,PROD,3842.0,RLT_16
2024,7,80077,8007,PROD,870.0,90037,,ADD,32.0,RLT_16
2024,7,80077,8007,PROD,870.0,90038,,ADD,10.0,RLT_16
2024,7,80017,8001,PROD,1773.0,80007,8000.0,PROD,2033.0,RLT_16
2024,7,80017,8001,PROD,1773.0,90039,,ADD,94.0,RLT_16
2024,7,80007,8000,PROD,1944.0,70007,,RM,2641.0,RLT_16
2024,7,80007,8000,PROD,1944.0,90040,,ADD,75.0,RLT_16
2024,8,10007,8002,FIN,1044.0,50007,8002.0,PROD,1044.0,RLT_16
2024,8,50007,8002,PROD,747.0,80077,8007.0,PROD,942.0,RLT_16
2024,8,50007,8002,PROD,747.0,90035,,ADD,47.0,RLT_16
2024,8,50007,8002,PROD,747.0,90036,,ADD,19.0,RLT_16
2024,8,80077,8007,PROD,977.0,80017,8001.0,PROD,3835.0,RLT_16
2024,8,80077,8007,PROD,977.0,90037,,ADD,29.000000000000004,RLT_16
2024,8,80077,8007,PROD,977.0,90038,,ADD,10.0,RLT_16
2024,8,80017,8001,PROD,1922.0,80007,8000.0,PROD,1928.0,RLT_16
2024,8,80017,8001,PROD,1922.0,90039,,ADD,99.0,RLT_16
2024,8,80007,8000,PROD,1931.0,70007,,RM,2797.0,RLT_16
2024,8,80007,8000,PROD,1931.0,90040,,ADD,68.0,RLT_16
2024,9,10007,8002,FIN,941.0,50007,8002.0,PROD,941.0,RLT_16
2024,9,50007,8002,PROD,861.0000000000001,80077,8007.0,PROD,1018.0,RLT_16
2024,9,50007,8002,PROD,861.0000000000001,90035,,ADD,47.0,RLT_16
2024,9,50007,8002,PROD,861.0000000000001,90036,,ADD,20.999999999999996,RLT_16
2024,9,80077,8007,PROD,958.0,80017,8001.0,PROD,3219.0,RLT_16
2024,9,80077,8007,PROD,958.0,90037,,ADD,32.0,RLT_16
2024,9,80077,8007,PROD,958.0,90038,,ADD,10.0,RLT_16
2024,9,80017,8001,PROD,1707.0,80007,8000.0,PROD,2108.0,RLT_16
2024,9,80017,8001,PROD,1707.0,90039,,ADD,101.0,RLT_16
2024,9,80007,8000,PROD,1950.0,70007,,RM,2429.0,RLT_16
2024,9,80007,8000,PROD,1950.0,90040,,ADD,66.0,RLT_16
2024,10,10007,8002,FIN,1049.0,50007,8002.0,PROD,1049.0,RLT_16
2024,10,50007,8002,PROD,810.0,80077,8007.0,PROD,876.0,RLT_16
2024,10,50007,8002,PROD,810.0,90035,,ADD,51.0,RLT_16
2024,10,50007,8002,PROD,810.0,90036,,ADD,19.0,RLT_16
2024,10,80077,8007,PROD,811.0000000000001,80017,8001.0,PROD,3890.0000000000005,RLT_16
2024,10,80077,8007,PROD,811.0000000000001,90037,,ADD,30.0,RLT_16
2024,10,80077,8007,PROD,811.0000000000001,90038,,ADD,10.0,RLT_16
2024,10,80017,8001,PROD,1895.0,80007,8000.0,PROD,2103.0,RLT_16
2024,10,80017,8001,PROD,1895.0,90039,,ADD,106.99999999999999,RLT_16
2024,10,80007,8000,PROD,2045.0,70007,,RM,2287.0,RLT_16
2024,10,80007,8000,PROD,2045.0,90040,,ADD,67.0,RLT_16
2024,11,10007,8002,FIN,949.0,50007,8002.0,PROD,949.0,RLT_16
2024,11,50007,8002,PROD,840.0,80077,8007.0,PROD,966.0,RLT_16
2024,11,50007,8002,PROD,840.0,90035,,ADD,49.0,RLT_16
2024,11,50007,8002,PROD,840.0,90036,,ADD,20.0,RLT_16
2024,11,80077,8007,PROD,927.0,80017,8001.0,PROD,3601.0000000000005,RLT_16
2024,11,80077,8007,PROD,927.0,90037,,ADD,30.0,RLT_16
2024,11,80077,8007,PROD,927.0,90038,,ADD,10.0,RLT_16
2024,11,80017,8001,PROD,1945.9999999999998,80007,8000.0,PROD,1938.0,RLT_16
2024,11,80017,8001,PROD,1945.9999999999998,90039,,ADD,100.00000000000001,RLT_16
2024,11,80007,8000,PROD,1859.0,70007,,RM,2558.0,RLT_16
2024,11,80007,8000,PROD,1859.0,90040,,ADD,69.0,RLT_16
2024,12,10007,8002,FIN,1081.0,50007,8002.0,PROD,1081.0,RLT_16
2024,12,50007,8002,PROD,794.0,80077,8007.0,PROD,857.0,RLT_16
2024,12,50007,8002,PROD,794.0,90035,,ADD,51.0,RLT_16
2024,12,50007,8002,PROD,794.0,90036,,ADD,20.999999999999996,RLT_16
2024,12,80077,8007,PROD,849.0,80017,8001.0,PROD,3822.0,RLT_16
2024,12,80077,8007,PROD,849.0,90037,,ADD,27.0,RLT_16
2024,12,80077,8007,PROD,849.0,90038,,ADD,9.0,RLT_16
2024,12,80017,8001,PROD,1780.0,80007,8000.0,PROD,2046.0000000000002,RLT_16
2024,12,80017,8001,PROD,1780.0,90039,,ADD,102.0,RLT_16
2024,12,80007,8000,PROD,2181.0,70007,,RM,2523.0,RLT_16
2024,12,80007,8000,PROD,2181.0,90040,,ADD,65.0,RLT_16
2024,1,10008,8002,FIN,1032.0,50008,8002.0,PROD,1032.0,RLT_16
2024,1,50008,8002,PROD,790.0,80078,8007.0,PROD,928.0000000000001,RLT_16
2024,1,50008,8002,PROD,790.0,90040,,ADD,52.0,RLT_16
2024,1,50008,8002,PROD,790.0,90041,,ADD,18.0,RLT_16
2024,1,80078,8007,PROD,868.0,80018,8001.0,PROD,3471.0,RLT_16
2024,1,80078,8007,PROD,868.0,90042,,ADD,32.0,RLT_16
2024,1,80078,8007,PROD,868.0,90043,,ADD,9.0,RLT_16
2024,1,80018,8001,PROD,1825.0,80008,8000.0,PROD,2301.0,RLT_16
2024,1,80018,8001,PROD,1825.0,90044,,ADD,92.0,RLT_16
2024,1,80008,8000,PROD,2136.0,70008,,RM,2860.0,RLT_16
2024,1,80008,8000,PROD,2136.0,90045,,ADD,70.0,RLT_16
2024,2,10008,8002,FIN,1084.0,50008,8002.0,PROD,1084.0,RLT_16
2024,2,50008,8002,PROD,872.9999999999999,80078,8007.0,PROD,872.9999999999999,RLT_16
2024,2,50008,8002,PROD,872.9999999999999,90040,,ADD,52.0,RLT_16
2024,2,50008,8002,PROD,872.9999999999999,90041,,ADD,20.0,RLT_16
2024,2,80078,8007,PROD,815.0,80018,8001.0,PROD,3812.0,RLT_16
2024,2,80078,8007,PROD,815.0,90042,,ADD,29.000000000000004,RLT_16
2024,2,80078,8007,PROD,815.0,90043,,ADD,11.0,RLT_16
2024,2,80018,8001,PROD,1820.0,80008,8000.0,PROD,1828.0,RLT_16
2024,2,80018,8001,PROD,1820.0,90044,,ADD,99.0,RLT_16
2024,2,80008,8000,PROD,1825.0,70008,,RM,2175.0,RLT_16
2024,2,80008,8000,PROD,1825.0,90045,,ADD,74.0,RLT_16
2024,3,10008,8002,FIN,1005.0,50008,8002.0,PROD,1005.0,RLT_16
2024,3,50008,8002,PROD,864.0,80078,8007.0,PROD,865.0,RLT_16
2024,3,50008,8002,PROD,864.0,90040,,ADD,49.0,RLT_16
2024,3,50008,8002,PROD,864.0,90041,,ADD,20.0,RLT_16
2024,3,80078,8007,PROD,896.0,80018,8001.0,PROD,3058.0,RLT_16
2024,3,80078,8007,PROD,896.0,90042,,ADD,28.0,RLT_16
2024,3,80078,8007,PROD,896.0,90043,,ADD,10.0,RLT_16
2024,3,80018,8001,PROD,1647.0,80008,8000.0,PROD,1826.0,RLT_16
2024,3,80018,8001,PROD,1647.0,90044,,ADD,101.0,RLT_16
2024,3,80008,8000,PROD,1945.0000000000002,70008,,RM,2467.0,RLT_16
2024,3,80008,8000,PROD,1945.0000000000002,90045,,ADD,67.0,RLT_16
2024,4,10008,8002,FIN,984.0000000000001,50008,8002.0,PROD,984.0,RLT_16
2024,4,50008,8002,PROD,774.0,80078,8007.0,PROD,917.0000000000001,RLT_16
2024,4,50008,8002,PROD,774.0,90040,,ADD,46.0,RLT_16
2024,4,50008,8002,PROD,774.0,90041,,ADD,19.0,RLT_16
2024,4,80078,8007,PROD,859.0,80018,8001.0,PROD,3312.9999999999995,RLT_16
2024,4,80078,8007,PROD,859.0,90042,,ADD,30.0,RLT_16
2024,4,80078,8007,PROD,859.0,90043,,ADD,9.0,RLT_16
2024,4,80018,8001,PROD,1755.0,80008,8000.0,PROD,2106.0,RLT_16
2024,4,80018,8001,PROD,1755.0,90044,,ADD,106.99999999999999,RLT_16
2024,4,80008,8000,PROD,2023.0,70008,,RM,2525.0,RLT_16
2024,4,80008,8000,PROD,2023.0,90045,,ADD,76.0,RLT_16
2024,5,10008,8002,FIN,1005.0,50008,8002.0,PROD,1005.0,RLT_16
2024,5,50008,8002,PROD,851.0,80078,8007.0,PROD,970.0,RLT_16
2024,5,50008,8002,PROD,851.0,90040,,ADD,52.0,RLT_16
2024,5,50008,8002,PROD,851.0,90041,,ADD,19.0,RLT_16
2024,5,80078,8007,PROD,924.0,80018,8001.0,PROD,3064.0,RLT_16
2024,5,80078,8007,PROD,924.0,90042,,ADD,33.0,RLT_16
2024,5,80078,8007,PROD,924.0,90043,,ADD,11.0,RLT_16
2024,5,80018,8001,PROD,1665.0,80008,8000.0,PROD,2127.0,RLT_16
2024,5,80018,8001,PROD,1665.0,90044,,ADD,104.0,RLT_16
2024,5,80008,8000,PROD,2063.0,70008,,RM,2372.0,RLT_16
2024,5,80008,8000,PROD,2063.0,90045,,ADD,73.0,RLT_16
2024,6,10008,8002,FIN,935.0,50008,8002.0,PROD,935.0,RLT_16
2024,6,50008,8002,PROD,758.0,80078,8007.0,PROD,1059.0,RLT_16
2024,6,50008,8002,PROD,758.0,90040,,ADD,54.0,RLT_16
2024,6,50008,8002,PROD,758.0,90041,,ADD,20.0,RLT_16
2024,6,80078,8007,PROD,969.0,80018,8001.0,PROD,4276.0,RLT_16
2024,6,80078,8007,PROD,969.0,90042,,ADD,28.0,RLT_16
2024,6,80078,8007,PROD,969.0,90043,,ADD,10.0,RLT_16
2024,6,80018,8001,PROD,1979.0000000000002,80008,8000.0,PROD,1944.0,RLT_16
2024,6,80018,8001,PROD,1979.0000000000002,90044,,ADD,109.0,RLT_16
2024,6,80008,8000,PROD,1911.0,70008,,RM,2787.0,RLT_16
2024,6,80008,8000,PROD,1911.0,90045,,ADD,72.0,RLT_16
2024,7,10008,8002,FIN,972.9999999999999,50008,8002.0,PROD,973.0,RLT_16
2024,7,50008,8002,PROD,798.0,80078,8007.0,PROD,867.0000000000001,RLT_16
2024,7,50008,8002,PROD,798.0,90040,,ADD,51.0,RLT_16
2024,7,50008,8002,PROD,798.0,90041,,ADD,20.0,RLT_16
2024,7,80078,8007,PROD,855.0,80018,8001.0,PROD,3921.0,RLT_16
2024,7,80078,8007,PROD,855.0,90042,,ADD,29.000000000000004,RLT_16
2024,7,80078,8007,PROD,855.0,90043,,ADD,9.0,RLT_16
2024,7,80018,8001,PROD,1964.0,80008,8000.0,PROD,1943.0,RLT_16
2024,7,80018,8001,PROD,1964.0,90044,,ADD,94.0,RLT_16
2024,7,80008,8000,PROD,1865.0,70008,,RM,2936.0,RLT_16
2024,7,80008,8000,PROD,1865.0,90045,,ADD,73.0,RLT_16
2024,8,10008,8002,FIN,1034.0,50008,8002.0,PROD,1034.0,RLT_16
2024,8,50008,8002,PROD,844.0,80078,8007.0,PROD,868.0,RLT_16
2024,8,50008,8002,PROD,844.0,90040,,ADD,46.0,RLT_16
2024,8,50008,8002,PROD,844.0,90041,,ADD,22.0,RLT_16
2024,8,80078,8007,PROD,830.0,80018,8001.0,PROD,3186.0,RLT_16
2024,8,80078,8007,PROD,830.0,90042,,ADD,29.000000000000004,RLT_16
2024,8,80078,8007,PROD,830.0,90043,,ADD,10.0,RLT_16
2024,8,80018,8001,PROD,1725.0,80008,8000.0,PROD,1904.0,RLT_16
2024,8,80018,8001,PROD,1725.0,90044,,ADD,100.00000000000001,RLT_16
2024,8,80008,8000,PROD,1941.0,70008,,RM,2655.0,RLT_16
2024,8,80008,8000,PROD,1941.0,90045,,ADD,64.0,RLT_16
2024,9,10008,8002,FIN,1040.0,50008,8002.0,PROD,1040.0,RLT_16
2024,9,50008,8002,PROD,720.0,80078,8007.0,PROD,982.0,RLT_16
2024,9,50008,8002,PROD,720.0,90040,,ADD,52.0,RLT_16
2024,9,50008,8002,PROD,720.0,90041,,ADD,20.999999999999996,RLT_16
2024,9,80078,8007,PROD,977.0,80018,8001.0,PROD,3226.0,RLT_16
2024,9,80078,8007,PROD,977.0,90042,,ADD,29.000000000000004,RLT_16
2024,9,80078,8007,PROD,977.0,90043,,ADD,9.0,RLT_16
2024,9,80018,8001,PROD,1678.9999999999998,80008,8000.0,PROD,1910.0,RLT_16
2024,9,80018,8001,PROD,1678.9999999999998,90044,,ADD,90.99999999999999,RLT_16
2024,9,80008,8000,PROD,1923.9999999999998,70008,,RM,2434.0,RLT_16
2024,9,80008,8000,PROD,1923.9999999999998,90045,,ADD,71.0,RLT_16
2024,10,10008,8002,FIN,949.0,50008,8002.0,PROD,949.0,RLT_16
2024,10,50008,8002,PROD,745.0,80078,8007.0,PROD,820.0,RLT_16
2024,10,50008,8002,PROD,745.0,90040,,ADD,48.0,RLT_16
2024,10,50008,8002,PROD,745.0,90041,,ADD,22.0,RLT_16
2024,10,80078,8007,PROD,894.9999999999999,80018,8001.0,PROD,3258.0,RLT_16
2024,10,80078,8007,PROD,894.9999999999999,90042,,ADD,27.0,RLT_16
2024,10,80078,8007,PROD,894.9999999999999,90043,,ADD,11.0,RLT_16
2024,10,80018,8001,PROD,1686.0,80008,8000.0,PROD,1847.0,RLT_16
2024,10,80018,8001,PROD,1686.0,90044,,ADD,103.0,RLT_16
2024,10,80008,8000,PROD,1972.0,70008,,RM,2550.0,RLT_16
2024,10,80008,8000,PROD,1972.0,90045,,ADD,64.0,RLT_16
2024,11,10008,8002,FIN,1069.0,50008,8002.0,PROD,1069.0,RLT_16
2024,11,50008,8002,PROD,766.0,80078,8007.0,PROD,880.0,RLT_16
2024,11,50008,8002,PROD,766.0,90040,,ADD,49.0,RLT_16
2024,11,50008,8002,PROD,766.0,90041,,ADD,22.0,RLT_16
2024,11,80078,8007,PROD,816.0,80018,8001.0,PROD,3251.0,RLT_16
2024,11,80078,8007,PROD,816.0,90042,,ADD,32.0,RLT_16
2024,11,80078,8007,PROD,816.0,90043,,ADD,11.0,RLT_16
2024,11,80018,8001,PROD,1709.0,80008,8000.0,PROD,1871.0,RLT_16
2024,11,80018,8001,PROD,1709.0,90044,,ADD,100.00000000000001,RLT_16
2024,11,80008,8000,PROD,1887.0,70008,,RM,2766.0,RLT_16
2024,11,80008,8000,PROD,1887.0,90045,,ADD,76.0,RLT_16
2024,12,10008,8002,FIN,957.0,50008,8002.0,PROD,957.0,RLT_16
2024,12,50008,8002,PROD,820.0,80078,8007.0,PROD,998.0,RLT_16
2024,12,50008,8002,PROD,820.0,90040,,ADD,52.0,RLT_16
2024,12,50008,8002,PROD,820.0,90041,,ADD,19.0,RLT_16
2024,12,80078,8007,PROD,972.0,80018,8001.0,PROD,3635.0,RLT_16
2024,12,80078,8007,PROD,972.0,90042,,ADD,29.000000000000004,RLT_16
2024,12,80078,8007,PROD,972.0,90043,,ADD,10.0,RLT_16
2024,12,80018,8001,PROD,1956.0,80008,8000.0,PROD,1909.0,RLT_16
2024,12,80018,8001,PROD,1956.0,90044,,ADD,98.0,RLT_16
2024,12,80008,8000,PROD,1905.0,70008,,RM,2521.0,RLT_16
2024,12,80008,8000,PROD,1905.0,90045,,ADD,63.0,RLT_16
2024,1,10009,8002,FIN,975.0,50009,8002.0,PROD,975.0,RLT_14
2024,1,50009,8002,PROD,738.9999999999999,80079,8007.0,PROD,808.0,RLT_14
2024,1,50009,8002,PROD,738.9999999999999,90045,,ADD,49.0,RLT_14
2024,1,50009,8002,PROD,738.9999999999999,90046,,ADD,20.999999999999996,RLT_14
2024,1,80079,8007,PROD,897.0,80019,8001.0,PROD,3541.0,RLT_14
2024,1,80079,8007,PROD,897.0,90047,,ADD,29.000000000000004,RLT_14
2024,1,80079,8007,PROD,897.0,90048,,ADD,11.0,RLT_14
2024,1,80019,8001,PROD,1670.0,80009,8000.0,PROD,1909.0,RLT_14
2024,1,80019,8001,PROD,1670.0,90049,,ADD,96.0,RLT_14
2024,1,80009,8000,PROD,1904.0,70009,,RM,2803.0,RLT_14
2024,1,80009,8000,PROD,1904.0,90050,,ADD,72.0,RLT_14
2024,2,10009,8002,FIN,1050.0,50009,8002.0,PROD,1050.0,RLT_14
2024,2,50009,8002,PROD,811.0000000000001,80079,8007.0,PROD,879.0,RLT_14
2024,2,50009,8002,PROD,811.0000000000001,90045,,ADD,48.0,RLT_14
2024,2,50009,8002,PROD,811.0000000000001,90046,,ADD,20.0,RLT_14
2024,2,80079,8007,PROD,875.0,80019,8001.0,PROD,3021.0000000000005,RLT_14
2024,2,80079,8007,PROD,875.0,90047,,ADD,29.000000000000004,RLT_14
2024,2,80079,8007,PROD,875.0,90048,,ADD,11.0,RLT_14
2024,2,80019,8001,PROD,1635.0,80009,8000.0,PROD,2130.0,RLT_14
2024,2,80019,8001,PROD,1635.0,90049,,ADD,106.99999999999999,RLT_14
2024,2,80009,8000,PROD,2144.0,70009,,RM,2538.0,RLT_14
2024,2,80009,8000,PROD,2144.0,90050,,ADD,73.0,RLT_14
2024,3,10009,8002,FIN,955.0,50009,8002.0,PROD,955.0,RLT_14
2024,3,50009,8002,PROD,795.0,80079,8007.0,PROD,818.0,RLT_14
2024,3,50009,8002,PROD,795.0,90045,,ADD,46.0,RLT_14
2024,3,50009,8002,PROD,795.0,90046,,ADD,20.0,RLT_14
2024,3,80079,8007,PROD,894.0,80019,8001.0,PROD,3359.0,RLT_14
2024,3,80079,8007,PROD,894.0,90047,,ADD,33.0,RLT_14
2024,3,80079,8007,PROD,894.0,90048,,ADD,9.0,RLT_14
2024,3,80019,8001,PROD,1708.0,80009,8000.0,PROD,2035.0000000000002,RLT_14
2024,3,80019,8001,PROD,1708.0,90049,,ADD,90.99999999999999,RLT_14
2024,3,80009,8000,PROD,1854.0,70009,,RM,2677.0,RLT_14
2024,3,80009,8000,PROD,1854.0,90050,,ADD,68.0,RLT_14
2024,4,10009,8002,FIN,1070.0,50009,8002.0,PROD,1070.0,RLT_14
2024,4,50009,8002,PROD,805.0,80079,8007.0,PROD,927.0,RLT_14
2024,4,50009,8002,PROD,805.0,90045,,ADD,53.0,RLT_14
2024,4,50009,8002,PROD,805.0,90046,,ADD,20.0,RLT_14
2024,4,80079,8007,PROD,848.0,80019,8001.0,PROD,3446.9999999999995,RLT_14
2024,4,80079,8007,PROD,848.0,90047,,ADD,30.0,RLT_14
2024,4,80079,8007,PROD,848.0,90048,,ADD,10.0,RLT_14
2024,4,80019,8001,PROD,1862.0,80009,8000.0,PROD,2031.0,RLT_14
2024,4,80019,8001,PROD,1862.0,90049,,ADD,110.0,RLT_14
2024,4,80009,8000,PROD,2075.0,70009,,RM,2616.0,RLT_14
2024,4,80009,8000,PROD,2075.0,90050,,ADD,65.0,RLT_14
2024,5,10009,8002,FIN,954.0,50009,8002.0,PROD,954.0,RLT_14
2024,5,50009,8002,PROD,757.0,80079,8007.0,PROD,881.0,RLT_14
2024,5,50009,8002,PROD,757.0,90045,,ADD,50.00000000000001,RLT_14
2024,5,50009,8002,PROD,757.0,90046,,ADD,19.0,RLT_14
2024,5,80079,8007,PROD,857.0,80019,8001.0,PROD,3270.0,RLT_14
2024,5,80079,8007,PROD,857.0,90047,,ADD,32.0,RLT_14
2024,5,80079,8007,PROD,857.0,90048,,ADD,11.0,RLT_14
2024,5,80019,8001,PROD,1630.0,80009,8000.0,PROD,2105.0,RLT_14
2024,5,80019,8001,PROD,1630.0,90049,,ADD,109.0,RLT_14
2024,5,80009,8000,PROD,2166.0,70009,,RM,2638.0,RLT_14
2024,5,80009,8000,PROD,2166.0,90050,,ADD,74.0,RLT_14
2024,6,10009,8002,FIN,901.0,50009,8002.0,PROD,901.0,RLT_14
2024,6,50009,8002,PROD,764.0,80079,8007.0,PROD,984.0000000000001,RLT_14
2024,6,50009,8002,PROD,764.0,90045,,ADD,45.0,RLT_14
2024,6,50009,8002,PROD,764.0,90046,,ADD,20.0,RLT_14
2024,6,80079,8007,PROD,988.0,80019,8001.0,PROD,3802.9999999999995,RLT_14
2024,6,80079,8007,PROD,988.0,90047,,ADD,32.0,RLT_14
2024,6,80079,8007,PROD,988.0,90048,,ADD,11.0,RLT_14
2024,6,80019,8001,PROD,1772.0,80009,8000.0,PROD,2364.0,RLT_14
2024,6,80019,8001,PROD,1772.0,90049,,ADD,98.0,RLT_14
2024,6,80009,8000,PROD,2185.0,70009,,RM,2117.0,RLT_14
2024,6,80009,8000,PROD,2185.0,90050,,ADD,68.0,RLT_14
2024,7,10009,8002,FIN,1054.0,50009,8002.0,PROD,1054.0,RLT_14
2024,7,50009,8002,PROD,764.0,80079,8007.0,PROD,803.0,RLT_14
2024,7,50009,8002,PROD,764.0,90045,,ADD,49.0,RLT_14
2024,7,50009,8002,PROD,764.0,90046,,ADD,20.0,RLT_14
2024,7,80079,8007,PROD,870.0,80019,8001.0,PROD,3842.0,RLT_14
2024,7,80079,8007,PROD,870.0,90047,,ADD,32.0,RLT_14
2024,7,80079,8007,PROD,870.0,90048,,ADD,10.0,RLT_14
2024,7,80019,8001,PROD,1773.0,80009,8000.0,PROD,2033.0,RLT_14
2024,7,80019,8001,PROD,1773.0,90049,,ADD,94.0,RLT_14
2024,7,80009,8000,PROD,1944.0,70009,,RM,2641.0,RLT_14
2024,7,80009,8000,PROD,1944.0,90050,,ADD,75.0,RLT_14
2024,8,10009,8002,FIN,1044.0,50009,8002.0,PROD,1044.0,RLT_14
2024,8,50009,8002,PROD,747.0,80079,8007.0,PROD,942.0,RLT_14
2024,8,50009,8002,PROD,747.0,90045,,ADD,47.0,RLT_14
2024,8,50009,8002,PROD,747.0,90046,,ADD,19.0,RLT_14
2024,8,80079,8007,PROD,977.0,80019,8001.0,PROD,3835.0,RLT_14
2024,8,80079,8007,PROD,977.0,90047,,ADD,29.000000000000004,RLT_14
2024,8,80079,8007,PROD,977.0,90048,,ADD,10.0,RLT_14
2024,8,80019,8001,PROD,1922.0,80009,8000.0,PROD,1928.0,RLT_14
2024,8,80019,8001,PROD,1922.0,90049,,ADD,99.0,RLT_14
2024,8,80009,8000,PROD,1931.0,70009,,RM,2797.0,RLT_14
2024,8,80009,8000,PROD,1931.0,90050,,ADD,68.0,RLT_14
2024,9,10009,8002,FIN,941.0,50009,8002.0,PROD,941.0,RLT_14
2024,9,50009,8002,PROD,861.0000000000001,80079,8007.0,PROD,1018.0,RLT_14
2024,9,50009,8002,PROD,861.0000000000001,90045,,ADD,47.0,RLT_14
2024,9,50009,8002,PROD,861.0000000000001,90046,,ADD,20.999999999999996,RLT_14
2024,9,80079,8007,PROD,958.0,80019,8001.0,PROD,3219.0,RLT_14
2024,9,80079,8007,PROD,958.0,90047,,ADD,32.0,RLT_14
2024,9,80079,8007,PROD,958.0,90048,,ADD,10.0,RLT_14
2024,9,80019,8001,PROD,1707.0,80009,8000.0,PROD,2108.0,RLT_14
2024,9,80019,8001,PROD,1707.0,90049,,ADD,101.0,RLT_14
2024,9,80009,8000,PROD,1950.0,70009,,RM,2429.0,RLT_14
2024,9,80009,8000,PROD,1950.0,90050,,ADD,66.0,RLT_14
2024,10,10009,8002,FIN,1049.0,50009,8002.0,PROD,1049.0,RLT_14
2024,10,50009,8002,PROD,810.0,80079,8007.0,PROD,876.0,RLT_14
2024,10,50009,8002,PROD,810.0,90045,,ADD,51.0,RLT_14
2024,10,50009,8002,PROD,810.0,90046,,ADD,19.0,RLT_14
2024,10,80079,8007,PROD,811.0000000000001,80019,8001.0,PROD,3890.0000000000005,RLT_14
2024,10,80079,8007,PROD,811.0000000000001,90047,,ADD,30.0,RLT_14
2024,10,80079,8007,PROD,811.0000000000001,90048,,ADD,10.0,RLT_14
2024,10,80019,8001,PROD,1895.0,80009,8000.0,PROD,2103.0,RLT_14
2024,10,80019,8001,PROD,1895.0,90049,,ADD,106.99999999999999,RLT_14
2024,10,80009,8000,PROD,2045.0,70009,,RM,2287.0,RLT_14
2024,10,80009,8000,PROD,2045.0,90050,,ADD,67.0,RLT_14
2024,11,10009,8002,FIN,949.0,50009,8002.0,PROD,949.0,RLT_14
2024,11,50009,8002,PROD,840.0,80079,8007.0,PROD,966.0,RLT_14
2024,11,50009,8002,PROD,840.0,90045,,ADD,49.0,RLT_14
2024,11,50009,8002,PROD,840.0,90046,,ADD,20.0,RLT_14
2024,11,80079,8007,PROD,927.0,80019,8001.0,PROD,3601.0000000000005,RLT_14
2024,11,80079,8007,PROD,927.0,90047,,ADD,30.0,RLT_14
2024,11,80079,8007,PROD,927.0,90048,,ADD,10.0,RLT_14
2024,11,80019,8001,PROD,1945.9999999999998,80009,8000.0,PROD,1938.0,RLT_14
2024,11,80019,8001,PROD,1945.9999999999998,90049,,ADD,100.00000000000001,RLT_14
2024,11,80009,8000,PROD,1859.0,70009,,RM,2558.0,RLT_14
2024,11,80009,8000,PROD,1859.0,90050,,ADD,69.0,RLT_14
2024,12,10009,8002,FIN,1081.0,50009,8002.0,PROD,1081.0,RLT_14
2024,12,50009,8002,PROD,794.0,80079,8007.0,PROD,857.0,RLT_14
2024,12,50009,8002,PROD,794.0,90045,,ADD,51.0,RLT_14
2024,12,50009,8002,PROD,794.0,90046,,ADD,20.999999999999996,RLT_14
2024,12,80079,8007,PROD,849.0,80019,8001.0,PROD,3822.0,RLT_14
2024,12,80079,8007,PROD,849.0,90047,,ADD,27.0,RLT_14
2024,12,80079,8007,PROD,849.0,90048,,ADD,9.0,RLT_14
2024,12,80019,8001,PROD,1780.0,80009,8000.0,PROD,2046.0000000000002,RLT_14
2024,12,80019,8001,PROD,1780.0,90049,,ADD,102.0,RLT_14
2024,12,80009,8000,PROD,2181.0,70009,,RM,2523.0,RLT_14
2024,12,80009,8000,PROD,2181.0,90050,,ADD,65.0,RLT_14
